180005;Chacalluta, Arica Ap.;18&deg 21' 5'' S;63;2016;07;01;17.0;19.1
180005;Chacalluta, Arica Ap.;18&deg 21' 5'' S;63;2016;07;02;16.3;20.4
180005;Chacalluta, Arica Ap.;18&deg 21' 5'' S;63;2016;07;03;16.6;20.4
180005;Chacalluta, Arica Ap.;18&deg 21' 5'' S;63;2016;07;04;17.1;20.3
180005;Chacalluta, Arica Ap.;18&deg 21' 5'' S;63;2016;07;05;17.0;22.0
180005;Chacalluta, Arica Ap.;18&deg 21' 5'' S;63;2016;07;06;10.3;18.6
180005;Chacalluta, Arica Ap.;18&deg 21' 5'' S;63;2016;07;07;13.9;18.5
180005;Chacalluta, Arica Ap.;18&deg 21' 5'' S;63;2016;07;08;16.1;27.9
180005;Chacalluta, Arica Ap.;18&deg 21' 5'' S;63;2016;07;09;17.4;19.5
180005;Chacalluta, Arica Ap.;18&deg 21' 5'' S;63;2016;07;10;16.8;19.3
180005;Chacalluta, Arica Ap.;18&deg 21' 5'' S;63;2016;07;11;17.1;18.5
180005;Chacalluta, Arica Ap.;18&deg 21' 5'' S;63;2016;07;12;16.8;19.5
180005;Chacalluta, Arica Ap.;18&deg 21' 5'' S;63;2016;07;13;16.5;18.5
180005;Chacalluta, Arica Ap.;18&deg 21' 5'' S;63;2016;07;14;16.5;18.5
180005;Chacalluta, Arica Ap.;18&deg 21' 5'' S;63;2016;07;15;16.3;18.6
180005;Chacalluta, Arica Ap.;18&deg 21' 5'' S;63;2016;07;16;11.9;18.8
180005;Chacalluta, Arica Ap.;18&deg 21' 5'' S;63;2016;07;17;14.2;19.5
180005;Chacalluta, Arica Ap.;18&deg 21' 5'' S;63;2016;07;18;15.8;17.9
180005;Chacalluta, Arica Ap.;18&deg 21' 5'' S;63;2016;07;19;13.4;18.6
180005;Chacalluta, Arica Ap.;18&deg 21' 5'' S;63;2016;07;20;15.5;17.9
180005;Chacalluta, Arica Ap.;18&deg 21' 5'' S;63;2016;07;21;15.1;17.3
180005;Chacalluta, Arica Ap.;18&deg 21' 5'' S;63;2016;07;22;14.7;17.8
180005;Chacalluta, Arica Ap.;18&deg 21' 5'' S;63;2016;07;23;15.0;17.7
180005;Chacalluta, Arica Ap.;18&deg 21' 5'' S;63;2016;07;24;15.6;19.1
180005;Chacalluta, Arica Ap.;18&deg 21' 5'' S;63;2016;07;25;11.8;18.8
180005;Chacalluta, Arica Ap.;18&deg 21' 5'' S;63;2016;07;26;16.0;19.3
180005;Chacalluta, Arica Ap.;18&deg 21' 5'' S;63;2016;07;27;16.7;21.2
180005;Chacalluta, Arica Ap.;18&deg 21' 5'' S;63;2016;07;28;12.6;18.6
180005;Chacalluta, Arica Ap.;18&deg 21' 5'' S;63;2016;07;29;16.4;18.8
180005;Chacalluta, Arica Ap.;18&deg 21' 5'' S;63;2016;07;30;16.2;18.5
180005;Chacalluta, Arica Ap.;18&deg 21' 5'' S;63;2016;07;31;13.2;18.5
200006;Diego Aracena Iquique Ap.;20&deg 32' 23'' S;52;2016;07;01;16.0;17.7
200006;Diego Aracena Iquique Ap.;20&deg 32' 23'' S;52;2016;07;02;16.0;18.3
200006;Diego Aracena Iquique Ap.;20&deg 32' 23'' S;52;2016;07;03;15.4;19.8
200006;Diego Aracena Iquique Ap.;20&deg 32' 23'' S;52;2016;07;04;15.7;20.8
200006;Diego Aracena Iquique Ap.;20&deg 32' 23'' S;52;2016;07;05;12.4;19.3
200006;Diego Aracena Iquique Ap.;20&deg 32' 23'' S;52;2016;07;06;10.6;18.1
200006;Diego Aracena Iquique Ap.;20&deg 32' 23'' S;52;2016;07;07;14.0;18.4
200006;Diego Aracena Iquique Ap.;20&deg 32' 23'' S;52;2016;07;08;16.3;33.4
200006;Diego Aracena Iquique Ap.;20&deg 32' 23'' S;52;2016;07;09;16.0;17.8
200006;Diego Aracena Iquique Ap.;20&deg 32' 23'' S;52;2016;07;10;16.4;18.6
200006;Diego Aracena Iquique Ap.;20&deg 32' 23'' S;52;2016;07;11;16.7;20.0
200006;Diego Aracena Iquique Ap.;20&deg 32' 23'' S;52;2016;07;12;15.6;18.0
200006;Diego Aracena Iquique Ap.;20&deg 32' 23'' S;52;2016;07;13;15.5;17.1
200006;Diego Aracena Iquique Ap.;20&deg 32' 23'' S;52;2016;07;14;15.3;17.8
200006;Diego Aracena Iquique Ap.;20&deg 32' 23'' S;52;2016;07;15;14.0;18.2
200006;Diego Aracena Iquique Ap.;20&deg 32' 23'' S;52;2016;07;16;12.4;16.8
200006;Diego Aracena Iquique Ap.;20&deg 32' 23'' S;52;2016;07;17;14.9;17.3
200006;Diego Aracena Iquique Ap.;20&deg 32' 23'' S;52;2016;07;18;11.5;16.9
200006;Diego Aracena Iquique Ap.;20&deg 32' 23'' S;52;2016;07;19;14.5;17.2
200006;Diego Aracena Iquique Ap.;20&deg 32' 23'' S;52;2016;07;20;13.7;17.0
200006;Diego Aracena Iquique Ap.;20&deg 32' 23'' S;52;2016;07;21;14.7;17.3
200006;Diego Aracena Iquique Ap.;20&deg 32' 23'' S;52;2016;07;22;12.8;17.0
200006;Diego Aracena Iquique Ap.;20&deg 32' 23'' S;52;2016;07;23;14.6;17.3
200006;Diego Aracena Iquique Ap.;20&deg 32' 23'' S;52;2016;07;24;15.7;18.5
200006;Diego Aracena Iquique Ap.;20&deg 32' 23'' S;52;2016;07;25;13.4;18.7
200006;Diego Aracena Iquique Ap.;20&deg 32' 23'' S;52;2016;07;26;14.4;18.0
200006;Diego Aracena Iquique Ap.;20&deg 32' 23'' S;52;2016;07;27;16.4;18.8
200006;Diego Aracena Iquique Ap.;20&deg 32' 23'' S;52;2016;07;28;14.9;18.3
200006;Diego Aracena Iquique Ap.;20&deg 32' 23'' S;52;2016;07;29;15.4;18.0
200006;Diego Aracena Iquique Ap.;20&deg 32' 23'' S;52;2016;07;30;16.0;18.8
200006;Diego Aracena Iquique Ap.;20&deg 32' 23'' S;52;2016;07;31;13.7;18.2
220002;El Loa, Calama Ad.;22&deg 29' 43'' S;2293;2016;07;01;5.1;24.6
220002;El Loa, Calama Ad.;22&deg 29' 43'' S;2293;2016;07;02;8.2;21.9
220002;El Loa, Calama Ad.;22&deg 29' 43'' S;2293;2016;07;03;4.2;22.3
220002;El Loa, Calama Ad.;22&deg 29' 43'' S;2293;2016;07;04;7.4;14.7
220002;El Loa, Calama Ad.;22&deg 29' 43'' S;2293;2016;07;05;2.5;14.2
220002;El Loa, Calama Ad.;22&deg 29' 43'' S;2293;2016;07;06;-3.4;22.2
220002;El Loa, Calama Ad.;22&deg 29' 43'' S;2293;2016;07;07;1.0;21.5
220002;El Loa, Calama Ad.;22&deg 29' 43'' S;2293;2016;07;08;6.3;17.1
220002;El Loa, Calama Ad.;22&deg 29' 43'' S;2293;2016;07;09;0.6;20.7
220002;El Loa, Calama Ad.;22&deg 29' 43'' S;2293;2016;07;10;4.5;21.0
220002;El Loa, Calama Ad.;22&deg 29' 43'' S;2293;2016;07;11;0.1;20.4
220002;El Loa, Calama Ad.;22&deg 29' 43'' S;2293;2016;07;12;2.7;21.5
220002;El Loa, Calama Ad.;22&deg 29' 43'' S;2293;2016;07;13;-2.6;19.4
220002;El Loa, Calama Ad.;22&deg 29' 43'' S;2293;2016;07;14;-4.1;19.5
220002;El Loa, Calama Ad.;22&deg 29' 43'' S;2293;2016;07;15;-4.7;18.2
220002;El Loa, Calama Ad.;22&deg 29' 43'' S;2293;2016;07;16;-0.4;22.7
220002;El Loa, Calama Ad.;22&deg 29' 43'' S;2293;2016;07;17;-2.3;19.7
220002;El Loa, Calama Ad.;22&deg 29' 43'' S;2293;2016;07;18;-3.9;21.5
220002;El Loa, Calama Ad.;22&deg 29' 43'' S;2293;2016;07;19;3.3;22.4
220002;El Loa, Calama Ad.;22&deg 29' 43'' S;2293;2016;07;20;3.6;23.4
220002;El Loa, Calama Ad.;22&deg 29' 43'' S;2293;2016;07;21;4.9;22.7
220002;El Loa, Calama Ad.;22&deg 29' 43'' S;2293;2016;07;22;-1.9;23.1
220002;El Loa, Calama Ad.;22&deg 29' 43'' S;2293;2016;07;23;1.9;22.6
220002;El Loa, Calama Ad.;22&deg 29' 43'' S;2293;2016;07;24;0.3;21.4
220002;El Loa, Calama Ad.;22&deg 29' 43'' S;2293;2016;07;25;-3.3;19.1
220002;El Loa, Calama Ad.;22&deg 29' 43'' S;2293;2016;07;26;-3.9;23.8
220002;El Loa, Calama Ad.;22&deg 29' 43'' S;2293;2016;07;27;-0.4;24.7
220002;El Loa, Calama Ad.;22&deg 29' 43'' S;2293;2016;07;28;4.1;24.7
220002;El Loa, Calama Ad.;22&deg 29' 43'' S;2293;2016;07;29;1.0;24.5
220002;El Loa, Calama Ad.;22&deg 29' 43'' S;2293;2016;07;30;-0.4;21.7
220002;El Loa, Calama Ad.;22&deg 29' 43'' S;2293;2016;07;31;-1.8;21.5
230001;Cerro Moreno  Antofagasta  Ap.;23&deg 27' 1'' S;113;2016;07;01;13.4;15.1
230001;Cerro Moreno  Antofagasta  Ap.;23&deg 27' 1'' S;113;2016;07;02;13.2;16.2
230001;Cerro Moreno  Antofagasta  Ap.;23&deg 27' 1'' S;113;2016;07;03;12.5;17.4
230001;Cerro Moreno  Antofagasta  Ap.;23&deg 27' 1'' S;113;2016;07;04;13.4;16.8
230001;Cerro Moreno  Antofagasta  Ap.;23&deg 27' 1'' S;113;2016;07;05;9.3;17.6
230001;Cerro Moreno  Antofagasta  Ap.;23&deg 27' 1'' S;113;2016;07;06;10.9;17.2
230001;Cerro Moreno  Antofagasta  Ap.;23&deg 27' 1'' S;113;2016;07;07;12.2;16.7
230001;Cerro Moreno  Antofagasta  Ap.;23&deg 27' 1'' S;113;2016;07;08;12.9;20.8
230001;Cerro Moreno  Antofagasta  Ap.;23&deg 27' 1'' S;113;2016;07;09;12.3;19.8
230001;Cerro Moreno  Antofagasta  Ap.;23&deg 27' 1'' S;113;2016;07;10;13.4;16.5
230001;Cerro Moreno  Antofagasta  Ap.;23&deg 27' 1'' S;113;2016;07;11;14.2;16.5
230001;Cerro Moreno  Antofagasta  Ap.;23&deg 27' 1'' S;113;2016;07;12;12.5;16.0
230001;Cerro Moreno  Antofagasta  Ap.;23&deg 27' 1'' S;113;2016;07;13;12.8;17.0
230001;Cerro Moreno  Antofagasta  Ap.;23&deg 27' 1'' S;113;2016;07;14;11.9;16.2
230001;Cerro Moreno  Antofagasta  Ap.;23&deg 27' 1'' S;113;2016;07;15;12.4;16.3
230001;Cerro Moreno  Antofagasta  Ap.;23&deg 27' 1'' S;113;2016;07;16;9.9;16.1
230001;Cerro Moreno  Antofagasta  Ap.;23&deg 27' 1'' S;113;2016;07;17;13.7;17.3
230001;Cerro Moreno  Antofagasta  Ap.;23&deg 27' 1'' S;113;2016;07;18;10.0;15.5
230001;Cerro Moreno  Antofagasta  Ap.;23&deg 27' 1'' S;113;2016;07;19;12.0;15.1
230001;Cerro Moreno  Antofagasta  Ap.;23&deg 27' 1'' S;113;2016;07;20;10.3;15.8
230001;Cerro Moreno  Antofagasta  Ap.;23&deg 27' 1'' S;113;2016;07;21;12.1;19.5
230001;Cerro Moreno  Antofagasta  Ap.;23&deg 27' 1'' S;113;2016;07;22;11.6;15.9
230001;Cerro Moreno  Antofagasta  Ap.;23&deg 27' 1'' S;113;2016;07;23;12.8;18.8
230001;Cerro Moreno  Antofagasta  Ap.;23&deg 27' 1'' S;113;2016;07;24;13.3;18.0
230001;Cerro Moreno  Antofagasta  Ap.;23&deg 27' 1'' S;113;2016;07;25;11.6;17.3
230001;Cerro Moreno  Antofagasta  Ap.;23&deg 27' 1'' S;113;2016;07;26;12.6;18.1
230001;Cerro Moreno  Antofagasta  Ap.;23&deg 27' 1'' S;113;2016;07;27;13.8;20.1
230001;Cerro Moreno  Antofagasta  Ap.;23&deg 27' 1'' S;113;2016;07;28;13.6;16.9
230001;Cerro Moreno  Antofagasta  Ap.;23&deg 27' 1'' S;113;2016;07;29;14.0;16.6
230001;Cerro Moreno  Antofagasta  Ap.;23&deg 27' 1'' S;113;2016;07;30;12.8;19.6
230001;Cerro Moreno  Antofagasta  Ap.;23&deg 27' 1'' S;113;2016;07;31;13.2;16.7
270001;Mataveri  Isla de Pascua Ap.;27&deg 9' 38'' S;48;2016;07;01;16.2;22.0
270001;Mataveri  Isla de Pascua Ap.;27&deg 9' 38'' S;48;2016;07;02;18.9;22.4
270001;Mataveri  Isla de Pascua Ap.;27&deg 9' 38'' S;48;2016;07;03;18.2;22.0
270001;Mataveri  Isla de Pascua Ap.;27&deg 9' 38'' S;48;2016;07;04;14.0;22.3
270001;Mataveri  Isla de Pascua Ap.;27&deg 9' 38'' S;48;2016;07;05;13.9;22.8
270001;Mataveri  Isla de Pascua Ap.;27&deg 9' 38'' S;48;2016;07;06;19.8;22.6
270001;Mataveri  Isla de Pascua Ap.;27&deg 9' 38'' S;48;2016;07;07;16.8;20.3
270001;Mataveri  Isla de Pascua Ap.;27&deg 9' 38'' S;48;2016;07;08;11.3;20.7
270001;Mataveri  Isla de Pascua Ap.;27&deg 9' 38'' S;48;2016;07;09;11.4;21.2
270001;Mataveri  Isla de Pascua Ap.;27&deg 9' 38'' S;48;2016;07;10;17.8;22.4
270001;Mataveri  Isla de Pascua Ap.;27&deg 9' 38'' S;48;2016;07;11;17.7;19.4
270001;Mataveri  Isla de Pascua Ap.;27&deg 9' 38'' S;48;2016;07;12;16.5;21.0
270001;Mataveri  Isla de Pascua Ap.;27&deg 9' 38'' S;48;2016;07;13;10.5;20.8
270001;Mataveri  Isla de Pascua Ap.;27&deg 9' 38'' S;48;2016;07;14;10.1;21.1
270001;Mataveri  Isla de Pascua Ap.;27&deg 9' 38'' S;48;2016;07;15;17.8;19.1
270001;Mataveri  Isla de Pascua Ap.;27&deg 9' 38'' S;48;2016;07;16;12.7;18.4
270001;Mataveri  Isla de Pascua Ap.;27&deg 9' 38'' S;48;2016;07;17;8.1;20.4
270001;Mataveri  Isla de Pascua Ap.;27&deg 9' 38'' S;48;2016;07;18;18.0;20.9
270001;Mataveri  Isla de Pascua Ap.;27&deg 9' 38'' S;48;2016;07;19;11.9;19.3
270001;Mataveri  Isla de Pascua Ap.;27&deg 9' 38'' S;48;2016;07;20;15.1;19.4
270001;Mataveri  Isla de Pascua Ap.;27&deg 9' 38'' S;48;2016;07;21;16.4;19.7
270001;Mataveri  Isla de Pascua Ap.;27&deg 9' 38'' S;48;2016;07;22;17.0;20.8
270001;Mataveri  Isla de Pascua Ap.;27&deg 9' 38'' S;48;2016;07;23;18.0;22.3
270001;Mataveri  Isla de Pascua Ap.;27&deg 9' 38'' S;48;2016;07;24;19.3;22.5
270001;Mataveri  Isla de Pascua Ap.;27&deg 9' 38'' S;48;2016;07;25;18.0;20.9
270001;Mataveri  Isla de Pascua Ap.;27&deg 9' 38'' S;48;2016;07;26;13.0;20.4
270001;Mataveri  Isla de Pascua Ap.;27&deg 9' 38'' S;48;2016;07;27;13.1;19.2
270001;Mataveri  Isla de Pascua Ap.;27&deg 9' 38'' S;48;2016;07;28;14.6;21.3
270001;Mataveri  Isla de Pascua Ap.;27&deg 9' 38'' S;48;2016;07;29;14.2;22.1
270001;Mataveri  Isla de Pascua Ap.;27&deg 9' 38'' S;48;2016;07;30;15.1;22.1
270001;Mataveri  Isla de Pascua Ap.;27&deg 9' 38'' S;48;2016;07;31;15.4;19.9
270008;Desierto de Atacama, Caldera  Ad.;27&deg 15' 50'' S;204;2016;07;01;11.0;13.2
270008;Desierto de Atacama, Caldera  Ad.;27&deg 15' 50'' S;204;2016;07;02;11.6;14.4
270008;Desierto de Atacama, Caldera  Ad.;27&deg 15' 50'' S;204;2016;07;03;12.6;15.5
270008;Desierto de Atacama, Caldera  Ad.;27&deg 15' 50'' S;204;2016;07;04;7.2;18.1
270008;Desierto de Atacama, Caldera  Ad.;27&deg 15' 50'' S;204;2016;07;05;7.7;20.7
270008;Desierto de Atacama, Caldera  Ad.;27&deg 15' 50'' S;204;2016;07;06;8.4;24.3
270008;Desierto de Atacama, Caldera  Ad.;27&deg 15' 50'' S;204;2016;07;07;10.8;15.7
270008;Desierto de Atacama, Caldera  Ad.;27&deg 15' 50'' S;204;2016;07;08;9.5;19.5
270008;Desierto de Atacama, Caldera  Ad.;27&deg 15' 50'' S;204;2016;07;09;9.4;21.9
270008;Desierto de Atacama, Caldera  Ad.;27&deg 15' 50'' S;204;2016;07;10;9.4;14.6
270008;Desierto de Atacama, Caldera  Ad.;27&deg 15' 50'' S;204;2016;07;11;9.7;18.6
270008;Desierto de Atacama, Caldera  Ad.;27&deg 15' 50'' S;204;2016;07;12;7.6;19.0
270008;Desierto de Atacama, Caldera  Ad.;27&deg 15' 50'' S;204;2016;07;13;4.6;17.9
270008;Desierto de Atacama, Caldera  Ad.;27&deg 15' 50'' S;204;2016;07;14;6.3;19.0
270008;Desierto de Atacama, Caldera  Ad.;27&deg 15' 50'' S;204;2016;07;15;11.9;17.2
270008;Desierto de Atacama, Caldera  Ad.;27&deg 15' 50'' S;204;2016;07;16;6.3;17.5
270008;Desierto de Atacama, Caldera  Ad.;27&deg 15' 50'' S;204;2016;07;17;10.6;16.1
270008;Desierto de Atacama, Caldera  Ad.;27&deg 15' 50'' S;204;2016;07;18;5.3;18.4
270008;Desierto de Atacama, Caldera  Ad.;27&deg 15' 50'' S;204;2016;07;19;8.5;19.0
270008;Desierto de Atacama, Caldera  Ad.;27&deg 15' 50'' S;204;2016;07;20;6.7;20.4
270008;Desierto de Atacama, Caldera  Ad.;27&deg 15' 50'' S;204;2016;07;21;6.7;15.9
270008;Desierto de Atacama, Caldera  Ad.;27&deg 15' 50'' S;204;2016;07;22;9.9;17.0
270008;Desierto de Atacama, Caldera  Ad.;27&deg 15' 50'' S;204;2016;07;23;7.4;17.8
270008;Desierto de Atacama, Caldera  Ad.;27&deg 15' 50'' S;204;2016;07;24;8.8;13.0
270008;Desierto de Atacama, Caldera  Ad.;27&deg 15' 50'' S;204;2016;07;25;8.8;19.0
270008;Desierto de Atacama, Caldera  Ad.;27&deg 15' 50'' S;204;2016;07;26;7.0;25.4
270008;Desierto de Atacama, Caldera  Ad.;27&deg 15' 50'' S;204;2016;07;27;8.9;17.3
270008;Desierto de Atacama, Caldera  Ad.;27&deg 15' 50'' S;204;2016;07;28;7.3;17.1
270008;Desierto de Atacama, Caldera  Ad.;27&deg 15' 50'' S;204;2016;07;29;9.5;17.5
270008;Desierto de Atacama, Caldera  Ad.;27&deg 15' 50'' S;204;2016;07;30;10.8;13.8
270008;Desierto de Atacama, Caldera  Ad.;27&deg 15' 50'' S;204;2016;07;31;10.8;19.6
290004;La Florida, La Serena Ad.;29&deg 55' 3'' S;142;2016;07;01;9.9;13.3
290004;La Florida, La Serena Ad.;29&deg 55' 3'' S;142;2016;07;02;11.1;14.6
290004;La Florida, La Serena Ad.;29&deg 55' 3'' S;142;2016;07;03;9.6;15.7
290004;La Florida, La Serena Ad.;29&deg 55' 3'' S;142;2016;07;04;8.9;18.4
290004;La Florida, La Serena Ad.;29&deg 55' 3'' S;142;2016;07;05;7.9;16.1
290004;La Florida, La Serena Ad.;29&deg 55' 3'' S;142;2016;07;06;8.0;17.7
290004;La Florida, La Serena Ad.;29&deg 55' 3'' S;142;2016;07;07;5.0;15.0
290004;La Florida, La Serena Ad.;29&deg 55' 3'' S;142;2016;07;08;11.2;16.4
290004;La Florida, La Serena Ad.;29&deg 55' 3'' S;142;2016;07;09;9.2;15.5
290004;La Florida, La Serena Ad.;29&deg 55' 3'' S;142;2016;07;10;9.1;14.9
290004;La Florida, La Serena Ad.;29&deg 55' 3'' S;142;2016;07;11;9.8;18.1
290004;La Florida, La Serena Ad.;29&deg 55' 3'' S;142;2016;07;12;8.6;13.9
290004;La Florida, La Serena Ad.;29&deg 55' 3'' S;142;2016;07;13;9.0;18.3
290004;La Florida, La Serena Ad.;29&deg 55' 3'' S;142;2016;07;14;9.4;16.7
290004;La Florida, La Serena Ad.;29&deg 55' 3'' S;142;2016;07;15;7.4;16.0
290004;La Florida, La Serena Ad.;29&deg 55' 3'' S;142;2016;07;16;5.2;16.2
290004;La Florida, La Serena Ad.;29&deg 55' 3'' S;142;2016;07;17;9.8;14.6
290004;La Florida, La Serena Ad.;29&deg 55' 3'' S;142;2016;07;18;5.6;15.7
290004;La Florida, La Serena Ad.;29&deg 55' 3'' S;142;2016;07;19;7.2;15.6
290004;La Florida, La Serena Ad.;29&deg 55' 3'' S;142;2016;07;20;6.8;20.0
290004;La Florida, La Serena Ad.;29&deg 55' 3'' S;142;2016;07;21;7.7;25.8
290004;La Florida, La Serena Ad.;29&deg 55' 3'' S;142;2016;07;22;7.6;17.5
290004;La Florida, La Serena Ad.;29&deg 55' 3'' S;142;2016;07;23;8.0;17.9
290004;La Florida, La Serena Ad.;29&deg 55' 3'' S;142;2016;07;24;8.8;14.4
290004;La Florida, La Serena Ad.;29&deg 55' 3'' S;142;2016;07;25;11.6;18.2
290004;La Florida, La Serena Ad.;29&deg 55' 3'' S;142;2016;07;26;9.1;18.5
290004;La Florida, La Serena Ad.;29&deg 55' 3'' S;142;2016;07;27;10.0;15.9
290004;La Florida, La Serena Ad.;29&deg 55' 3'' S;142;2016;07;28;12.3;15.8
290004;La Florida, La Serena Ad.;29&deg 55' 3'' S;142;2016;07;29;8.4;15.9
290004;La Florida, La Serena Ad.;29&deg 55' 3'' S;142;2016;07;30;9.2;13.0
290004;La Florida, La Serena Ad.;29&deg 55' 3'' S;142;2016;07;31;10.1;16.7
330007;Rodelillo, Ad.;33&deg 2' 12'' S;330;2016;07;01;6.3;11.3
330007;Rodelillo, Ad.;33&deg 2' 12'' S;330;2016;07;02;7.2;9.9
330007;Rodelillo, Ad.;33&deg 2' 12'' S;330;2016;07;03;8.5;10.5
330007;Rodelillo, Ad.;33&deg 2' 12'' S;330;2016;07;04;6.2;17.6
330007;Rodelillo, Ad.;33&deg 2' 12'' S;330;2016;07;05;6.8;13.8
330007;Rodelillo, Ad.;33&deg 2' 12'' S;330;2016;07;06;5.4;18.3
330007;Rodelillo, Ad.;33&deg 2' 12'' S;330;2016;07;07;8.1;14.4
330007;Rodelillo, Ad.;33&deg 2' 12'' S;330;2016;07;08;6.4;10.8
330007;Rodelillo, Ad.;33&deg 2' 12'' S;330;2016;07;09;5.8;15.0
330007;Rodelillo, Ad.;33&deg 2' 12'' S;330;2016;07;10;7.7;10.6
330007;Rodelillo, Ad.;33&deg 2' 12'' S;330;2016;07;11;8.6;12.4
330007;Rodelillo, Ad.;33&deg 2' 12'' S;330;2016;07;12;7.0;12.9
330007;Rodelillo, Ad.;33&deg 2' 12'' S;330;2016;07;13;8.4;11.7
330007;Rodelillo, Ad.;33&deg 2' 12'' S;330;2016;07;14;6.8;15.0
330007;Rodelillo, Ad.;33&deg 2' 12'' S;330;2016;07;15;5.1;15.0
330007;Rodelillo, Ad.;33&deg 2' 12'' S;330;2016;07;16;9.2;18.8
330007;Rodelillo, Ad.;33&deg 2' 12'' S;330;2016;07;17;8.5;10.6
330007;Rodelillo, Ad.;33&deg 2' 12'' S;330;2016;07;18;5.1;17.6
330007;Rodelillo, Ad.;33&deg 2' 12'' S;330;2016;07;19;8.1;10.7
330007;Rodelillo, Ad.;33&deg 2' 12'' S;330;2016;07;20;7.9;18.6
330007;Rodelillo, Ad.;33&deg 2' 12'' S;330;2016;07;21;9.9;23.1
330007;Rodelillo, Ad.;33&deg 2' 12'' S;330;2016;07;22;10.1;17.2
330007;Rodelillo, Ad.;33&deg 2' 12'' S;330;2016;07;23;9.2;18.5
330007;Rodelillo, Ad.;33&deg 2' 12'' S;330;2016;07;24;10.2;11.7
330007;Rodelillo, Ad.;33&deg 2' 12'' S;330;2016;07;25;9.3;13.4
330007;Rodelillo, Ad.;33&deg 2' 12'' S;330;2016;07;26;5.9;20.7
330007;Rodelillo, Ad.;33&deg 2' 12'' S;330;2016;07;27;9.9;21.1
330007;Rodelillo, Ad.;33&deg 2' 12'' S;330;2016;07;28;7.9;15.9
330007;Rodelillo, Ad.;33&deg 2' 12'' S;330;2016;07;29;8.2;17.2
330007;Rodelillo, Ad.;33&deg 2' 12'' S;330;2016;07;30;5.7;12.9
330007;Rodelillo, Ad.;33&deg 2' 12'' S;330;2016;07;31;6.1;14.5
330019;Eulogio Sánchez, Tobalaba Ad.;33&deg 27' 19'' S;650;2016;07;01;6.5;18.0
330019;Eulogio Sánchez, Tobalaba Ad.;33&deg 27' 19'' S;650;2016;07;02;6.0;8.0
330019;Eulogio Sánchez, Tobalaba Ad.;33&deg 27' 19'' S;650;2016;07;03;7.0;11.7
330019;Eulogio Sánchez, Tobalaba Ad.;33&deg 27' 19'' S;650;2016;07;04;1.6;15.8
330019;Eulogio Sánchez, Tobalaba Ad.;33&deg 27' 19'' S;650;2016;07;05;1.2;16.6
330019;Eulogio Sánchez, Tobalaba Ad.;33&deg 27' 19'' S;650;2016;07;06;1.6;17.0
330019;Eulogio Sánchez, Tobalaba Ad.;33&deg 27' 19'' S;650;2016;07;07;2.0;20.4
330019;Eulogio Sánchez, Tobalaba Ad.;33&deg 27' 19'' S;650;2016;07;08;1.6;14.5
330019;Eulogio Sánchez, Tobalaba Ad.;33&deg 27' 19'' S;650;2016;07;09;5.0;15.0
330019;Eulogio Sánchez, Tobalaba Ad.;33&deg 27' 19'' S;650;2016;07;10;6.3;11.4
330019;Eulogio Sánchez, Tobalaba Ad.;33&deg 27' 19'' S;650;2016;07;11;7.0;12.0
330019;Eulogio Sánchez, Tobalaba Ad.;33&deg 27' 19'' S;650;2016;07;12;5.5;10.4
330019;Eulogio Sánchez, Tobalaba Ad.;33&deg 27' 19'' S;650;2016;07;13;2.8;11.6
330019;Eulogio Sánchez, Tobalaba Ad.;33&deg 27' 19'' S;650;2016;07;14;5.8;13.7
330019;Eulogio Sánchez, Tobalaba Ad.;33&deg 27' 19'' S;650;2016;07;15;1.8;16.2
330019;Eulogio Sánchez, Tobalaba Ad.;33&deg 27' 19'' S;650;2016;07;16;2.4;18.4
330019;Eulogio Sánchez, Tobalaba Ad.;33&deg 27' 19'' S;650;2016;07;17;6.8;11.4
330019;Eulogio Sánchez, Tobalaba Ad.;33&deg 27' 19'' S;650;2016;07;18;3.0;18.0
330019;Eulogio Sánchez, Tobalaba Ad.;33&deg 27' 19'' S;650;2016;07;19;5.6;13.4
330019;Eulogio Sánchez, Tobalaba Ad.;33&deg 27' 19'' S;650;2016;07;20;6.0;17.9
330019;Eulogio Sánchez, Tobalaba Ad.;33&deg 27' 19'' S;650;2016;07;21;5.1;21.0
330019;Eulogio Sánchez, Tobalaba Ad.;33&deg 27' 19'' S;650;2016;07;22;6.5;20.0
330019;Eulogio Sánchez, Tobalaba Ad.;33&deg 27' 19'' S;650;2016;07;23;9.1;14.2
330019;Eulogio Sánchez, Tobalaba Ad.;33&deg 27' 19'' S;650;2016;07;24;6.6;12.6
330019;Eulogio Sánchez, Tobalaba Ad.;33&deg 27' 19'' S;650;2016;07;25;7.2;13.0
330019;Eulogio Sánchez, Tobalaba Ad.;33&deg 27' 19'' S;650;2016;07;26;0.8;17.4
330019;Eulogio Sánchez, Tobalaba Ad.;33&deg 27' 19'' S;650;2016;07;27;7.8;22.7
330019;Eulogio Sánchez, Tobalaba Ad.;33&deg 27' 19'' S;650;2016;07;28;5.8;19.0
330019;Eulogio Sánchez, Tobalaba Ad.;33&deg 27' 19'' S;650;2016;07;29;5.0;18.5
330019;Eulogio Sánchez, Tobalaba Ad.;33&deg 27' 19'' S;650;2016;07;30;3.8;15.8
330019;Eulogio Sánchez, Tobalaba Ad.;33&deg 27' 19'' S;650;2016;07;31;8.4;14.8
330020;Quinta Normal, Santiago;33&deg 26' 42'' S;534;2016;07;01;6.7;18.3
330020;Quinta Normal, Santiago;33&deg 26' 42'' S;534;2016;07;02;6.0;9.4
330020;Quinta Normal, Santiago;33&deg 26' 42'' S;534;2016;07;03;6.6;14.1
330020;Quinta Normal, Santiago;33&deg 26' 42'' S;534;2016;07;04;1.8;17.2
330020;Quinta Normal, Santiago;33&deg 26' 42'' S;534;2016;07;05;1.6;18.2
330020;Quinta Normal, Santiago;33&deg 26' 42'' S;534;2016;07;06;0.9;18.9
330020;Quinta Normal, Santiago;33&deg 26' 42'' S;534;2016;07;07;1.3;20.6
330020;Quinta Normal, Santiago;33&deg 26' 42'' S;534;2016;07;08;1.8;13.4
330020;Quinta Normal, Santiago;33&deg 26' 42'' S;534;2016;07;09;5.3;17.6
330020;Quinta Normal, Santiago;33&deg 26' 42'' S;534;2016;07;10;5.5;11.2
330020;Quinta Normal, Santiago;33&deg 26' 42'' S;534;2016;07;11;7.9;14.2
330020;Quinta Normal, Santiago;33&deg 26' 42'' S;534;2016;07;12;6.2;10.7
330020;Quinta Normal, Santiago;33&deg 26' 42'' S;534;2016;07;13;6.4;13.0
330020;Quinta Normal, Santiago;33&deg 26' 42'' S;534;2016;07;14;6.8;14.5
330020;Quinta Normal, Santiago;33&deg 26' 42'' S;534;2016;07;15;1.4;17.3
330020;Quinta Normal, Santiago;33&deg 26' 42'' S;534;2016;07;16;2.6;17.3
330020;Quinta Normal, Santiago;33&deg 26' 42'' S;534;2016;07;17;5.6;12.0
330020;Quinta Normal, Santiago;33&deg 26' 42'' S;534;2016;07;18;2.5;19.2
330020;Quinta Normal, Santiago;33&deg 26' 42'' S;534;2016;07;19;5.3;13.6
330020;Quinta Normal, Santiago;33&deg 26' 42'' S;534;2016;07;20;6.7;19.8
330020;Quinta Normal, Santiago;33&deg 26' 42'' S;534;2016;07;21;4.4;22.4
330020;Quinta Normal, Santiago;33&deg 26' 42'' S;534;2016;07;22;5.3;21.1
330020;Quinta Normal, Santiago;33&deg 26' 42'' S;534;2016;07;23;9.4;15.8
330020;Quinta Normal, Santiago;33&deg 26' 42'' S;534;2016;07;24;8.1;13.8
330020;Quinta Normal, Santiago;33&deg 26' 42'' S;534;2016;07;25;8.4;15.7
330020;Quinta Normal, Santiago;33&deg 26' 42'' S;534;2016;07;26;2.1;17.8
330020;Quinta Normal, Santiago;33&deg 26' 42'' S;534;2016;07;27;7.9;23.1
330020;Quinta Normal, Santiago;33&deg 26' 42'' S;534;2016;07;28;5.1;20.7
330020;Quinta Normal, Santiago;33&deg 26' 42'' S;534;2016;07;29;5.2;19.8
330020;Quinta Normal, Santiago;33&deg 26' 42'' S;534;2016;07;30;4.7;16.5
330020;Quinta Normal, Santiago;33&deg 26' 42'' S;534;2016;07;31;8.8;17.4
330021;Pudahuel Santiago ;33&deg 23' 31'' S;482;2016;07;01;5.1;16.2
330021;Pudahuel Santiago ;33&deg 23' 31'' S;482;2016;07;02;5.7;9.3
330021;Pudahuel Santiago ;33&deg 23' 31'' S;482;2016;07;03;7.0;12.4
330021;Pudahuel Santiago ;33&deg 23' 31'' S;482;2016;07;04;0.9;15.7
330021;Pudahuel Santiago ;33&deg 23' 31'' S;482;2016;07;05;-0.6;16.5
330021;Pudahuel Santiago ;33&deg 23' 31'' S;482;2016;07;06;-1.1;17.2
330021;Pudahuel Santiago ;33&deg 23' 31'' S;482;2016;07;07;-1.0;18.6
330021;Pudahuel Santiago ;33&deg 23' 31'' S;482;2016;07;08;0.8;11.3
330021;Pudahuel Santiago ;33&deg 23' 31'' S;482;2016;07;09;3.5;16.1
330021;Pudahuel Santiago ;33&deg 23' 31'' S;482;2016;07;10;3.9;10.9
330021;Pudahuel Santiago ;33&deg 23' 31'' S;482;2016;07;11;8.2;13.4
330021;Pudahuel Santiago ;33&deg 23' 31'' S;482;2016;07;12;5.0;10.0
330021;Pudahuel Santiago ;33&deg 23' 31'' S;482;2016;07;13;6.5;14.1
330021;Pudahuel Santiago ;33&deg 23' 31'' S;482;2016;07;14;7.0;13.1
330021;Pudahuel Santiago ;33&deg 23' 31'' S;482;2016;07;15;0.2;15.1
330021;Pudahuel Santiago ;33&deg 23' 31'' S;482;2016;07;16;-0.1;15.0
330021;Pudahuel Santiago ;33&deg 23' 31'' S;482;2016;07;17;4.6;10.9
330021;Pudahuel Santiago ;33&deg 23' 31'' S;482;2016;07;18;0.6;18.1
330021;Pudahuel Santiago ;33&deg 23' 31'' S;482;2016;07;19;3.8;12.6
330021;Pudahuel Santiago ;33&deg 23' 31'' S;482;2016;07;20;6.1;17.9
330021;Pudahuel Santiago ;33&deg 23' 31'' S;482;2016;07;21;1.8;22.1
330021;Pudahuel Santiago ;33&deg 23' 31'' S;482;2016;07;22;3.9;19.8
330021;Pudahuel Santiago ;33&deg 23' 31'' S;482;2016;07;23;8.7;14.7
330021;Pudahuel Santiago ;33&deg 23' 31'' S;482;2016;07;24;6.9;12.7
330021;Pudahuel Santiago ;33&deg 23' 31'' S;482;2016;07;25;8.7;14.3
330021;Pudahuel Santiago ;33&deg 23' 31'' S;482;2016;07;26;3.4;16.2
330021;Pudahuel Santiago ;33&deg 23' 31'' S;482;2016;07;27;7.2;20.9
330021;Pudahuel Santiago ;33&deg 23' 31'' S;482;2016;07;28;3.5;19.5
330021;Pudahuel Santiago ;33&deg 23' 31'' S;482;2016;07;29;3.4;18.8
330021;Pudahuel Santiago ;33&deg 23' 31'' S;482;2016;07;30;1.9;15.3
330021;Pudahuel Santiago ;33&deg 23' 31'' S;482;2016;07;31;8.0;15.4
330030;Santo Domingo, Ad.;33&deg 39' 18'' S;75;2016;07;01;3.6;10.8
330030;Santo Domingo, Ad.;33&deg 39' 18'' S;75;2016;07;02;7.6;12.1
330030;Santo Domingo, Ad.;33&deg 39' 18'' S;75;2016;07;03;9.1;13.4
330030;Santo Domingo, Ad.;33&deg 39' 18'' S;75;2016;07;04;5.9;16.2
330030;Santo Domingo, Ad.;33&deg 39' 18'' S;75;2016;07;05;1.7;13.3
330030;Santo Domingo, Ad.;33&deg 39' 18'' S;75;2016;07;06;2.2;15.0
330030;Santo Domingo, Ad.;33&deg 39' 18'' S;75;2016;07;07;1.3;15.0
330030;Santo Domingo, Ad.;33&deg 39' 18'' S;75;2016;07;08;7.9;13.1
330030;Santo Domingo, Ad.;33&deg 39' 18'' S;75;2016;07;09;4.3;14.1
330030;Santo Domingo, Ad.;33&deg 39' 18'' S;75;2016;07;10;8.7;12.8
330030;Santo Domingo, Ad.;33&deg 39' 18'' S;75;2016;07;11;10.0;15.7
330030;Santo Domingo, Ad.;33&deg 39' 18'' S;75;2016;07;12;6.6;12.2
330030;Santo Domingo, Ad.;33&deg 39' 18'' S;75;2016;07;13;9.5;16.0
330030;Santo Domingo, Ad.;33&deg 39' 18'' S;75;2016;07;14;7.2;15.7
330030;Santo Domingo, Ad.;33&deg 39' 18'' S;75;2016;07;15;3.9;16.2
330030;Santo Domingo, Ad.;33&deg 39' 18'' S;75;2016;07;16;4.2;17.1
330030;Santo Domingo, Ad.;33&deg 39' 18'' S;75;2016;07;17;6.5;13.9
330030;Santo Domingo, Ad.;33&deg 39' 18'' S;75;2016;07;18;4.8;17.4
330030;Santo Domingo, Ad.;33&deg 39' 18'' S;75;2016;07;19;5.8;12.7
330030;Santo Domingo, Ad.;33&deg 39' 18'' S;75;2016;07;20;5.6;17.6
330030;Santo Domingo, Ad.;33&deg 39' 18'' S;75;2016;07;21;7.2;20.0
330030;Santo Domingo, Ad.;33&deg 39' 18'' S;75;2016;07;22;5.6;13.4
330030;Santo Domingo, Ad.;33&deg 39' 18'' S;75;2016;07;23;9.1;16.1
330030;Santo Domingo, Ad.;33&deg 39' 18'' S;75;2016;07;24;11.3;14.9
330030;Santo Domingo, Ad.;33&deg 39' 18'' S;75;2016;07;25;10.7;13.7
330030;Santo Domingo, Ad.;33&deg 39' 18'' S;75;2016;07;26;5.5;17.9
330030;Santo Domingo, Ad.;33&deg 39' 18'' S;75;2016;07;27;8.1;15.8
330030;Santo Domingo, Ad.;33&deg 39' 18'' S;75;2016;07;28;4.9;16.6
330030;Santo Domingo, Ad.;33&deg 39' 18'' S;75;2016;07;29;5.0;13.9
330030;Santo Domingo, Ad.;33&deg 39' 18'' S;75;2016;07;30;5.4;13.9
330030;Santo Domingo, Ad.;33&deg 39' 18'' S;75;2016;07;31;6.9;15.9
330031;Juan Fernández, Estación Meteorológica.;33&deg 38' 9'' S;40;2016;07;01;9.4;14.9
330031;Juan Fernández, Estación Meteorológica.;33&deg 38' 9'' S;40;2016;07;02;8.0;13.8
330031;Juan Fernández, Estación Meteorológica.;33&deg 38' 9'' S;40;2016;07;03;11.7;14.9
330031;Juan Fernández, Estación Meteorológica.;33&deg 38' 9'' S;40;2016;07;04;13.0;15.3
330031;Juan Fernández, Estación Meteorológica.;33&deg 38' 9'' S;40;2016;07;05;12.1;15.1
330031;Juan Fernández, Estación Meteorológica.;33&deg 38' 9'' S;40;2016;07;06;9.9;14.9
330031;Juan Fernández, Estación Meteorológica.;33&deg 38' 9'' S;40;2016;07;07;12.2;14.7
330031;Juan Fernández, Estación Meteorológica.;33&deg 38' 9'' S;40;2016;07;08;12.3;15.9
330031;Juan Fernández, Estación Meteorológica.;33&deg 38' 9'' S;40;2016;07;09;10.1;16.0
330031;Juan Fernández, Estación Meteorológica.;33&deg 38' 9'' S;40;2016;07;10;14.7;17.6
330031;Juan Fernández, Estación Meteorológica.;33&deg 38' 9'' S;40;2016;07;11;11.1;16.8
330031;Juan Fernández, Estación Meteorológica.;33&deg 38' 9'' S;40;2016;07;12;10.2;14.5
330031;Juan Fernández, Estación Meteorológica.;33&deg 38' 9'' S;40;2016;07;13;12.1;15.1
330031;Juan Fernández, Estación Meteorológica.;33&deg 38' 9'' S;40;2016;07;14;10.3;15.7
330031;Juan Fernández, Estación Meteorológica.;33&deg 38' 9'' S;40;2016;07;15;8.8;13.4
330031;Juan Fernández, Estación Meteorológica.;33&deg 38' 9'' S;40;2016;07;16;12.9;15.9
330031;Juan Fernández, Estación Meteorológica.;33&deg 38' 9'' S;40;2016;07;17;11.7;15.4
330031;Juan Fernández, Estación Meteorológica.;33&deg 38' 9'' S;40;2016;07;18;7.6;15.0
330031;Juan Fernández, Estación Meteorológica.;33&deg 38' 9'' S;40;2016;07;19;9.8;16.2
330031;Juan Fernández, Estación Meteorológica.;33&deg 38' 9'' S;40;2016;07;20;14.6;18.1
330031;Juan Fernández, Estación Meteorológica.;33&deg 38' 9'' S;40;2016;07;21;12.9;16.0
330031;Juan Fernández, Estación Meteorológica.;33&deg 38' 9'' S;40;2016;07;22;12.9;17.6
330031;Juan Fernández, Estación Meteorológica.;33&deg 38' 9'' S;40;2016;07;23;12.3;13.9
330031;Juan Fernández, Estación Meteorológica.;33&deg 38' 9'' S;40;2016;07;24;10.7;13.8
330031;Juan Fernández, Estación Meteorológica.;33&deg 38' 9'' S;40;2016;07;25;11.0;15.2
330031;Juan Fernández, Estación Meteorológica.;33&deg 38' 9'' S;40;2016;07;26;7.8;14.1
330031;Juan Fernández, Estación Meteorológica.;33&deg 38' 9'' S;40;2016;07;27;9.0;16.0
330031;Juan Fernández, Estación Meteorológica.;33&deg 38' 9'' S;40;2016;07;28;14.9;17.4
330031;Juan Fernández, Estación Meteorológica.;33&deg 38' 9'' S;40;2016;07;29;9.4;17.2
330031;Juan Fernández, Estación Meteorológica.;33&deg 38' 9'' S;40;2016;07;30;11.0;16.1
330031;Juan Fernández, Estación Meteorológica.;33&deg 38' 9'' S;40;2016;07;31;9.8;17.0
340031;General Freire, Curicó Ad.;34&deg 57' 59'' S;230;2016;07;01;4.4;9.3
340031;General Freire, Curicó Ad.;34&deg 57' 59'' S;230;2016;07;02;2.9;9.5
340031;General Freire, Curicó Ad.;34&deg 57' 59'' S;230;2016;07;03;4.8;15.8
340031;General Freire, Curicó Ad.;34&deg 57' 59'' S;230;2016;07;04;0.7;13.9
340031;General Freire, Curicó Ad.;34&deg 57' 59'' S;230;2016;07;05;-0.2;10.1
340031;General Freire, Curicó Ad.;34&deg 57' 59'' S;230;2016;07;06;1.7;3.7
340031;General Freire, Curicó Ad.;34&deg 57' 59'' S;230;2016;07;07;2.4;13.9
340031;General Freire, Curicó Ad.;34&deg 57' 59'' S;230;2016;07;08;0.3;11.8
340031;General Freire, Curicó Ad.;34&deg 57' 59'' S;230;2016;07;09;4.9;16.6
340031;General Freire, Curicó Ad.;34&deg 57' 59'' S;230;2016;07;10;6.5;12.9
340031;General Freire, Curicó Ad.;34&deg 57' 59'' S;230;2016;07;11;8.0;13.3
340031;General Freire, Curicó Ad.;34&deg 57' 59'' S;230;2016;07;12;2.2;8.5
340031;General Freire, Curicó Ad.;34&deg 57' 59'' S;230;2016;07;13;6.8;13.3
340031;General Freire, Curicó Ad.;34&deg 57' 59'' S;230;2016;07;14;6.7;14.5
340031;General Freire, Curicó Ad.;34&deg 57' 59'' S;230;2016;07;15;1.0;9.7
340031;General Freire, Curicó Ad.;34&deg 57' 59'' S;230;2016;07;16;-1.6;16.7
340031;General Freire, Curicó Ad.;34&deg 57' 59'' S;230;2016;07;17;5.9;12.6
340031;General Freire, Curicó Ad.;34&deg 57' 59'' S;230;2016;07;18;0.8;14.6
340031;General Freire, Curicó Ad.;34&deg 57' 59'' S;230;2016;07;19;6.1;12.5
340031;General Freire, Curicó Ad.;34&deg 57' 59'' S;230;2016;07;20;6.3;17.7
340031;General Freire, Curicó Ad.;34&deg 57' 59'' S;230;2016;07;21;5.7;13.4
340031;General Freire, Curicó Ad.;34&deg 57' 59'' S;230;2016;07;22;5.8;19.1
340031;General Freire, Curicó Ad.;34&deg 57' 59'' S;230;2016;07;23;10.6;14.0
340031;General Freire, Curicó Ad.;34&deg 57' 59'' S;230;2016;07;24;10.1;14.3
340031;General Freire, Curicó Ad.;34&deg 57' 59'' S;230;2016;07;25;9.5;11.1
340031;General Freire, Curicó Ad.;34&deg 57' 59'' S;230;2016;07;26;3.7;11.5
340031;General Freire, Curicó Ad.;34&deg 57' 59'' S;230;2016;07;27;4.9;18.3
340031;General Freire, Curicó Ad.;34&deg 57' 59'' S;230;2016;07;28;3.9;16.4
340031;General Freire, Curicó Ad.;34&deg 57' 59'' S;230;2016;07;29;3.9;15.9
340031;General Freire, Curicó Ad.;34&deg 57' 59'' S;230;2016;07;30;4.1;13.3
340031;General Freire, Curicó Ad.;34&deg 57' 59'' S;230;2016;07;31;6.7;15.7
360011;General Bernardo O'Higgins, Chillán Ad.;36&deg 35' 14'' S;151;2016;07;01;-0.5;4.3
360011;General Bernardo O'Higgins, Chillán Ad.;36&deg 35' 14'' S;151;2016;07;02;0.7;9.2
360011;General Bernardo O'Higgins, Chillán Ad.;36&deg 35' 14'' S;151;2016;07;03;3.7;13.3
360011;General Bernardo O'Higgins, Chillán Ad.;36&deg 35' 14'' S;151;2016;07;04;0.4;11.5
360011;General Bernardo O'Higgins, Chillán Ad.;36&deg 35' 14'' S;151;2016;07;05;-2.5;3.6
360011;General Bernardo O'Higgins, Chillán Ad.;36&deg 35' 14'' S;151;2016;07;06;2.9;12.2
360011;General Bernardo O'Higgins, Chillán Ad.;36&deg 35' 14'' S;151;2016;07;07;-0.3;17.2
360011;General Bernardo O'Higgins, Chillán Ad.;36&deg 35' 14'' S;151;2016;07;08;0.8;9.8
360011;General Bernardo O'Higgins, Chillán Ad.;36&deg 35' 14'' S;151;2016;07;09;2.4;15.3
360011;General Bernardo O'Higgins, Chillán Ad.;36&deg 35' 14'' S;151;2016;07;10;7.4;11.8
360011;General Bernardo O'Higgins, Chillán Ad.;36&deg 35' 14'' S;151;2016;07;11;7.8;14.0
360011;General Bernardo O'Higgins, Chillán Ad.;36&deg 35' 14'' S;151;2016;07;12;2.1;9.7
360011;General Bernardo O'Higgins, Chillán Ad.;36&deg 35' 14'' S;151;2016;07;13;7.2;11.6
360011;General Bernardo O'Higgins, Chillán Ad.;36&deg 35' 14'' S;151;2016;07;14;3.1;12.1
360011;General Bernardo O'Higgins, Chillán Ad.;36&deg 35' 14'' S;151;2016;07;15;-1.7;11.7
360011;General Bernardo O'Higgins, Chillán Ad.;36&deg 35' 14'' S;151;2016;07;16;-1.7;12.2
360011;General Bernardo O'Higgins, Chillán Ad.;36&deg 35' 14'' S;151;2016;07;17;5.3;9.0
360011;General Bernardo O'Higgins, Chillán Ad.;36&deg 35' 14'' S;151;2016;07;18;5.8;15.4
360011;General Bernardo O'Higgins, Chillán Ad.;36&deg 35' 14'' S;151;2016;07;19;4.1;12.4
360011;General Bernardo O'Higgins, Chillán Ad.;36&deg 35' 14'' S;151;2016;07;20;6.2;11.6
360011;General Bernardo O'Higgins, Chillán Ad.;36&deg 35' 14'' S;151;2016;07;21;8.4;11.0
360011;General Bernardo O'Higgins, Chillán Ad.;36&deg 35' 14'' S;151;2016;07;22;9.0;14.1
360011;General Bernardo O'Higgins, Chillán Ad.;36&deg 35' 14'' S;151;2016;07;23;12.4;14.7
360011;General Bernardo O'Higgins, Chillán Ad.;36&deg 35' 14'' S;151;2016;07;24;11.1;13.6
360011;General Bernardo O'Higgins, Chillán Ad.;36&deg 35' 14'' S;151;2016;07;25;7.8;12.2
360011;General Bernardo O'Higgins, Chillán Ad.;36&deg 35' 14'' S;151;2016;07;26;0.1;13.4
360011;General Bernardo O'Higgins, Chillán Ad.;36&deg 35' 14'' S;151;2016;07;27;5.0;15.8
360011;General Bernardo O'Higgins, Chillán Ad.;36&deg 35' 14'' S;151;2016;07;28;4.9;13.4
360011;General Bernardo O'Higgins, Chillán Ad.;36&deg 35' 14'' S;151;2016;07;29;9.9;14.6
360011;General Bernardo O'Higgins, Chillán Ad.;36&deg 35' 14'' S;151;2016;07;30;5.4;11.7
360011;General Bernardo O'Higgins, Chillán Ad.;36&deg 35' 14'' S;151;2016;07;31;3.4;12.3
360019;Carriel Sur, Concepción.;36&deg 46' 42'' S;17;2016;07;01;0.7;12.7
360019;Carriel Sur, Concepción.;36&deg 46' 42'' S;17;2016;07;02;0.3;8.3
360019;Carriel Sur, Concepción.;36&deg 46' 42'' S;17;2016;07;03;6.2;14.0
360019;Carriel Sur, Concepción.;36&deg 46' 42'' S;17;2016;07;04;3.2;13.9
360019;Carriel Sur, Concepción.;36&deg 46' 42'' S;17;2016;07;05;2.1;9.0
360019;Carriel Sur, Concepción.;36&deg 46' 42'' S;17;2016;07;06;4.3;13.6
360019;Carriel Sur, Concepción.;36&deg 46' 42'' S;17;2016;07;07;4.3;16.4
360019;Carriel Sur, Concepción.;36&deg 46' 42'' S;17;2016;07;08;9.7;12.0
360019;Carriel Sur, Concepción.;36&deg 46' 42'' S;17;2016;07;09;10.7;13.2
360019;Carriel Sur, Concepción.;36&deg 46' 42'' S;17;2016;07;10;11.1;14.9
360019;Carriel Sur, Concepción.;36&deg 46' 42'' S;17;2016;07;11;10.6;15.2
360019;Carriel Sur, Concepción.;36&deg 46' 42'' S;17;2016;07;12;8.0;13.0
360019;Carriel Sur, Concepción.;36&deg 46' 42'' S;17;2016;07;13;8.5;12.9
360019;Carriel Sur, Concepción.;36&deg 46' 42'' S;17;2016;07;14;4.3;13.7
360019;Carriel Sur, Concepción.;36&deg 46' 42'' S;17;2016;07;15;0.2;13.2
360019;Carriel Sur, Concepción.;36&deg 46' 42'' S;17;2016;07;16;5.1;13.3
360019;Carriel Sur, Concepción.;36&deg 46' 42'' S;17;2016;07;17;8.2;12.7
360019;Carriel Sur, Concepción.;36&deg 46' 42'' S;17;2016;07;18;7.8;14.8
360019;Carriel Sur, Concepción.;36&deg 46' 42'' S;17;2016;07;19;4.4;12.9
360019;Carriel Sur, Concepción.;36&deg 46' 42'' S;17;2016;07;20;9.7;12.8
360019;Carriel Sur, Concepción.;36&deg 46' 42'' S;17;2016;07;21;8.5;12.7
360019;Carriel Sur, Concepción.;36&deg 46' 42'' S;17;2016;07;22;9.9;12.7
360019;Carriel Sur, Concepción.;36&deg 46' 42'' S;17;2016;07;23;12.0;13.1
360019;Carriel Sur, Concepción.;36&deg 46' 42'' S;17;2016;07;24;11.8;12.9
360019;Carriel Sur, Concepción.;36&deg 46' 42'' S;17;2016;07;25;8.2;13.0
360019;Carriel Sur, Concepción.;36&deg 46' 42'' S;17;2016;07;26;3.1;13.7
360019;Carriel Sur, Concepción.;36&deg 46' 42'' S;17;2016;07;27;6.0;13.6
360019;Carriel Sur, Concepción.;36&deg 46' 42'' S;17;2016;07;28;8.4;13.0
360019;Carriel Sur, Concepción.;36&deg 46' 42'' S;17;2016;07;29;8.5;14.4
360019;Carriel Sur, Concepción.;36&deg 46' 42'' S;17;2016;07;30;7.8;13.1
360019;Carriel Sur, Concepción.;36&deg 46' 42'' S;17;2016;07;31;6.7;12.7
370033;María Dolores, Los Angeles Ad.;37&deg 24' 10'' S;120;2016;07;01;-3.8;13.4
370033;María Dolores, Los Angeles Ad.;37&deg 24' 10'' S;120;2016;07;02;-2.0;5.6
370033;María Dolores, Los Angeles Ad.;37&deg 24' 10'' S;120;2016;07;03;1.8;13.8
370033;María Dolores, Los Angeles Ad.;37&deg 24' 10'' S;120;2016;07;04;-2.2;12.4
370033;María Dolores, Los Angeles Ad.;37&deg 24' 10'' S;120;2016;07;05;-2.0;8.1
370033;María Dolores, Los Angeles Ad.;37&deg 24' 10'' S;120;2016;07;06;0.0;12.2
370033;María Dolores, Los Angeles Ad.;37&deg 24' 10'' S;120;2016;07;07;-1.0;17.2
370033;María Dolores, Los Angeles Ad.;37&deg 24' 10'' S;120;2016;07;08;4.0;10.6
370033;María Dolores, Los Angeles Ad.;37&deg 24' 10'' S;120;2016;07;09;7.0;13.6
370033;María Dolores, Los Angeles Ad.;37&deg 24' 10'' S;120;2016;07;10;9.6;11.2
370033;María Dolores, Los Angeles Ad.;37&deg 24' 10'' S;120;2016;07;11;7.5;12.0
370033;María Dolores, Los Angeles Ad.;37&deg 24' 10'' S;120;2016;07;12;3.0;9.8
370033;María Dolores, Los Angeles Ad.;37&deg 24' 10'' S;120;2016;07;13;6.0;9.5
370033;María Dolores, Los Angeles Ad.;37&deg 24' 10'' S;120;2016;07;14;2.0;12.2
370033;María Dolores, Los Angeles Ad.;37&deg 24' 10'' S;120;2016;07;15;-3.0;12.6
370033;María Dolores, Los Angeles Ad.;37&deg 24' 10'' S;120;2016;07;16;-2.0;9.2
370033;María Dolores, Los Angeles Ad.;37&deg 24' 10'' S;120;2016;07;17;6.4;9.6
370033;María Dolores, Los Angeles Ad.;37&deg 24' 10'' S;120;2016;07;18;6.5;15.4
370033;María Dolores, Los Angeles Ad.;37&deg 24' 10'' S;120;2016;07;19;2.0;11.6
370033;María Dolores, Los Angeles Ad.;37&deg 24' 10'' S;120;2016;07;20;7.0;11.5
370033;María Dolores, Los Angeles Ad.;37&deg 24' 10'' S;120;2016;07;21;8.0;11.0
370033;María Dolores, Los Angeles Ad.;37&deg 24' 10'' S;120;2016;07;22;8.0;14.0
370033;María Dolores, Los Angeles Ad.;37&deg 24' 10'' S;120;2016;07;23;10.0;12.0
370033;María Dolores, Los Angeles Ad.;37&deg 24' 10'' S;120;2016;07;24;9.0;13.4
370033;María Dolores, Los Angeles Ad.;37&deg 24' 10'' S;120;2016;07;25;8.2;12.0
370033;María Dolores, Los Angeles Ad.;37&deg 24' 10'' S;120;2016;07;26;0.0;13.4
370033;María Dolores, Los Angeles Ad.;37&deg 24' 10'' S;120;2016;07;27;3.8;16.4
370033;María Dolores, Los Angeles Ad.;37&deg 24' 10'' S;120;2016;07;28;5.8;12.7
370033;María Dolores, Los Angeles Ad.;37&deg 24' 10'' S;120;2016;07;29;8.0;13.8
370033;María Dolores, Los Angeles Ad.;37&deg 24' 10'' S;120;2016;07;30;2.0;13.0
370033;María Dolores, Los Angeles Ad.;37&deg 24' 10'' S;120;2016;07;31;0.8;10.6
380013;Maquehue, Temuco Ad.;38&deg 46' 4'' S;86;2016;07;01;-3.7;11.8
380013;Maquehue, Temuco Ad.;38&deg 46' 4'' S;86;2016;07;02;-2.3;11.3
380013;Maquehue, Temuco Ad.;38&deg 46' 4'' S;86;2016;07;03;-3.0;6.3
380013;Maquehue, Temuco Ad.;38&deg 46' 4'' S;86;2016;07;04;-3.0;7.5
380013;Maquehue, Temuco Ad.;38&deg 46' 4'' S;86;2016;07;05;-1.8;9.0
380013;Maquehue, Temuco Ad.;38&deg 46' 4'' S;86;2016;07;06;5.1;12.3
380013;Maquehue, Temuco Ad.;38&deg 46' 4'' S;86;2016;07;07;8.2;14.5
380013;Maquehue, Temuco Ad.;38&deg 46' 4'' S;86;2016;07;08;4.1;12.3
380013;Maquehue, Temuco Ad.;38&deg 46' 4'' S;86;2016;07;09;7.0;12.6
380013;Maquehue, Temuco Ad.;38&deg 46' 4'' S;86;2016;07;10;8.7;14.9
380013;Maquehue, Temuco Ad.;38&deg 46' 4'' S;86;2016;07;11;7.4;13.6
380013;Maquehue, Temuco Ad.;38&deg 46' 4'' S;86;2016;07;12;7.3;11.9
380013;Maquehue, Temuco Ad.;38&deg 46' 4'' S;86;2016;07;13;6.1;8.1
380013;Maquehue, Temuco Ad.;38&deg 46' 4'' S;86;2016;07;14;4.3;10.0
380013;Maquehue, Temuco Ad.;38&deg 46' 4'' S;86;2016;07;15;2.9;11.7
380013;Maquehue, Temuco Ad.;38&deg 46' 4'' S;86;2016;07;16;0.0;11.2
380013;Maquehue, Temuco Ad.;38&deg 46' 4'' S;86;2016;07;17;5.6;9.5
380013;Maquehue, Temuco Ad.;38&deg 46' 4'' S;86;2016;07;18;4.1;15.6
380013;Maquehue, Temuco Ad.;38&deg 46' 4'' S;86;2016;07;19;1.0;12.1
380013;Maquehue, Temuco Ad.;38&deg 46' 4'' S;86;2016;07;20;8.2;11.7
380013;Maquehue, Temuco Ad.;38&deg 46' 4'' S;86;2016;07;21;4.0;10.6
380013;Maquehue, Temuco Ad.;38&deg 46' 4'' S;86;2016;07;22;7.6;16.2
380013;Maquehue, Temuco Ad.;38&deg 46' 4'' S;86;2016;07;23;5.2;10.6
380013;Maquehue, Temuco Ad.;38&deg 46' 4'' S;86;2016;07;24;7.2;10.9
380013;Maquehue, Temuco Ad.;38&deg 46' 4'' S;86;2016;07;25;7.0;11.2
380013;Maquehue, Temuco Ad.;38&deg 46' 4'' S;86;2016;07;26;-0.4;12.2
380013;Maquehue, Temuco Ad.;38&deg 46' 4'' S;86;2016;07;27;4.7;16.8
380013;Maquehue, Temuco Ad.;38&deg 46' 4'' S;86;2016;07;28;6.5;14.7
380013;Maquehue, Temuco Ad.;38&deg 46' 4'' S;86;2016;07;29;5.0;15.1
380013;Maquehue, Temuco Ad.;38&deg 46' 4'' S;86;2016;07;30;6.8;13.2
380013;Maquehue, Temuco Ad.;38&deg 46' 4'' S;86;2016;07;31;7.2;13.9
390006;Pichoy, Valdivia Ad.;39&deg 39' 2'' S;21;2016;07;01;-3.3;9.0
390006;Pichoy, Valdivia Ad.;39&deg 39' 2'' S;21;2016;07;02;-2.8;3.6
390006;Pichoy, Valdivia Ad.;39&deg 39' 2'' S;21;2016;07;03;-1.6;2.7
390006;Pichoy, Valdivia Ad.;39&deg 39' 2'' S;21;2016;07;04;-1.0;10.6
390006;Pichoy, Valdivia Ad.;39&deg 39' 2'' S;21;2016;07;05;4.2;11.1
390006;Pichoy, Valdivia Ad.;39&deg 39' 2'' S;21;2016;07;06;6.6;8.7
390006;Pichoy, Valdivia Ad.;39&deg 39' 2'' S;21;2016;07;07;8.3;15.4
390006;Pichoy, Valdivia Ad.;39&deg 39' 2'' S;21;2016;07;08;6.5;10.9
390006;Pichoy, Valdivia Ad.;39&deg 39' 2'' S;21;2016;07;09;9.9;14.0
390006;Pichoy, Valdivia Ad.;39&deg 39' 2'' S;21;2016;07;10;9.5;13.9
390006;Pichoy, Valdivia Ad.;39&deg 39' 2'' S;21;2016;07;11;8.4;13.5
390006;Pichoy, Valdivia Ad.;39&deg 39' 2'' S;21;2016;07;12;5.3;10.8
390006;Pichoy, Valdivia Ad.;39&deg 39' 2'' S;21;2016;07;13;5.5;9.7
390006;Pichoy, Valdivia Ad.;39&deg 39' 2'' S;21;2016;07;14;1.8;12.2
390006;Pichoy, Valdivia Ad.;39&deg 39' 2'' S;21;2016;07;15;2.1;10.6
390006;Pichoy, Valdivia Ad.;39&deg 39' 2'' S;21;2016;07;16;0.2;10.0
390006;Pichoy, Valdivia Ad.;39&deg 39' 2'' S;21;2016;07;17;6.5;11.3
390006;Pichoy, Valdivia Ad.;39&deg 39' 2'' S;21;2016;07;18;6.7;14.7
390006;Pichoy, Valdivia Ad.;39&deg 39' 2'' S;21;2016;07;19;3.2;11.9
390006;Pichoy, Valdivia Ad.;39&deg 39' 2'' S;21;2016;07;20;6.0;14.4
390006;Pichoy, Valdivia Ad.;39&deg 39' 2'' S;21;2016;07;21;4.7;14.2
390006;Pichoy, Valdivia Ad.;39&deg 39' 2'' S;21;2016;07;22;6.9;8.6
390006;Pichoy, Valdivia Ad.;39&deg 39' 2'' S;21;2016;07;23;-2.1;8.4
390006;Pichoy, Valdivia Ad.;39&deg 39' 2'' S;21;2016;07;24;4.8;7.3
390006;Pichoy, Valdivia Ad.;39&deg 39' 2'' S;21;2016;07;25;6.6;10.5
390006;Pichoy, Valdivia Ad.;39&deg 39' 2'' S;21;2016;07;26;2.5;11.6
390006;Pichoy, Valdivia Ad.;39&deg 39' 2'' S;21;2016;07;27;3.4;14.9
390006;Pichoy, Valdivia Ad.;39&deg 39' 2'' S;21;2016;07;28;7.9;13.7
390006;Pichoy, Valdivia Ad.;39&deg 39' 2'' S;21;2016;07;29;5.8;10.9
390006;Pichoy, Valdivia Ad.;39&deg 39' 2'' S;21;2016;07;30;7.2;11.6
390006;Pichoy, Valdivia Ad.;39&deg 39' 2'' S;21;2016;07;31;5.4;13.6
400009;Cañal Bajo,  Osorno Ad.;40&deg 36' 18'' S;61;2016;07;01;-3.5;9.7
400009;Cañal Bajo,  Osorno Ad.;40&deg 36' 18'' S;61;2016;07;02;-5.0;11.3
400009;Cañal Bajo,  Osorno Ad.;40&deg 36' 18'' S;61;2016;07;03;-4.3;11.1
400009;Cañal Bajo,  Osorno Ad.;40&deg 36' 18'' S;61;2016;07;04;-2.1;9.8
400009;Cañal Bajo,  Osorno Ad.;40&deg 36' 18'' S;61;2016;07;05;0.3;11.3
400009;Cañal Bajo,  Osorno Ad.;40&deg 36' 18'' S;61;2016;07;06;6.3;11.3
400009;Cañal Bajo,  Osorno Ad.;40&deg 36' 18'' S;61;2016;07;07;8.7;14.2
400009;Cañal Bajo,  Osorno Ad.;40&deg 36' 18'' S;61;2016;07;08;9.3;11.8
400009;Cañal Bajo,  Osorno Ad.;40&deg 36' 18'' S;61;2016;07;09;9.1;14.2
400009;Cañal Bajo,  Osorno Ad.;40&deg 36' 18'' S;61;2016;07;10;9.0;11.8
400009;Cañal Bajo,  Osorno Ad.;40&deg 36' 18'' S;61;2016;07;11;7.3;11.0
400009;Cañal Bajo,  Osorno Ad.;40&deg 36' 18'' S;61;2016;07;12;4.5;12.0
400009;Cañal Bajo,  Osorno Ad.;40&deg 36' 18'' S;61;2016;07;13;3.5;9.5
400009;Cañal Bajo,  Osorno Ad.;40&deg 36' 18'' S;61;2016;07;14;1.7;12.1
400009;Cañal Bajo,  Osorno Ad.;40&deg 36' 18'' S;61;2016;07;15;0.5;11.8
400009;Cañal Bajo,  Osorno Ad.;40&deg 36' 18'' S;61;2016;07;16;-1.5;11.0
400009;Cañal Bajo,  Osorno Ad.;40&deg 36' 18'' S;61;2016;07;17;7.0;10.3
400009;Cañal Bajo,  Osorno Ad.;40&deg 36' 18'' S;61;2016;07;18;7.1;14.0
400009;Cañal Bajo,  Osorno Ad.;40&deg 36' 18'' S;61;2016;07;19;1.5;11.1
400009;Cañal Bajo,  Osorno Ad.;40&deg 36' 18'' S;61;2016;07;20;8.5;14.0
400009;Cañal Bajo,  Osorno Ad.;40&deg 36' 18'' S;61;2016;07;21;-0.3;8.1
400009;Cañal Bajo,  Osorno Ad.;40&deg 36' 18'' S;61;2016;07;22;4.5;9.5
400009;Cañal Bajo,  Osorno Ad.;40&deg 36' 18'' S;61;2016;07;23;-3.6;9.5
400009;Cañal Bajo,  Osorno Ad.;40&deg 36' 18'' S;61;2016;07;24;-2.0;8.6
400009;Cañal Bajo,  Osorno Ad.;40&deg 36' 18'' S;61;2016;07;25;5.5;9.5
400009;Cañal Bajo,  Osorno Ad.;40&deg 36' 18'' S;61;2016;07;26;1.5;11.5
400009;Cañal Bajo,  Osorno Ad.;40&deg 36' 18'' S;61;2016;07;27;3.0;14.1
400009;Cañal Bajo,  Osorno Ad.;40&deg 36' 18'' S;61;2016;07;28;9.7;12.8
400009;Cañal Bajo,  Osorno Ad.;40&deg 36' 18'' S;61;2016;07;29;8.0;10.8
400009;Cañal Bajo,  Osorno Ad.;40&deg 36' 18'' S;61;2016;07;30;7.5;13.0
400009;Cañal Bajo,  Osorno Ad.;40&deg 36' 18'' S;61;2016;07;31;7.1;12.5
410005;El Tepual  Puerto Montt Ap.;41&deg 26' 6'' S;85;2016;07;01;-3.3;9.3
410005;El Tepual  Puerto Montt Ap.;41&deg 26' 6'' S;85;2016;07;02;-2.1;13.2
410005;El Tepual  Puerto Montt Ap.;41&deg 26' 6'' S;85;2016;07;03;-2.3;10.9
410005;El Tepual  Puerto Montt Ap.;41&deg 26' 6'' S;85;2016;07;04;0.7;10.4
410005;El Tepual  Puerto Montt Ap.;41&deg 26' 6'' S;85;2016;07;05;2.7;10.3
410005;El Tepual  Puerto Montt Ap.;41&deg 26' 6'' S;85;2016;07;06;6.9;9.3
410005;El Tepual  Puerto Montt Ap.;41&deg 26' 6'' S;85;2016;07;07;8.9;12.1
410005;El Tepual  Puerto Montt Ap.;41&deg 26' 6'' S;85;2016;07;08;10.3;11.6
410005;El Tepual  Puerto Montt Ap.;41&deg 26' 6'' S;85;2016;07;09;9.4;11.9
410005;El Tepual  Puerto Montt Ap.;41&deg 26' 6'' S;85;2016;07;10;8.2;11.3
410005;El Tepual  Puerto Montt Ap.;41&deg 26' 6'' S;85;2016;07;11;7.5;10.6
410005;El Tepual  Puerto Montt Ap.;41&deg 26' 6'' S;85;2016;07;12;5.9;11.5
410005;El Tepual  Puerto Montt Ap.;41&deg 26' 6'' S;85;2016;07;13;1.2;10.0
410005;El Tepual  Puerto Montt Ap.;41&deg 26' 6'' S;85;2016;07;14;1.7;11.2
410005;El Tepual  Puerto Montt Ap.;41&deg 26' 6'' S;85;2016;07;15;-0.6;10.6
410005;El Tepual  Puerto Montt Ap.;41&deg 26' 6'' S;85;2016;07;16;0.6;11.7
410005;El Tepual  Puerto Montt Ap.;41&deg 26' 6'' S;85;2016;07;17;6.8;9.5
410005;El Tepual  Puerto Montt Ap.;41&deg 26' 6'' S;85;2016;07;18;6.3;13.1
410005;El Tepual  Puerto Montt Ap.;41&deg 26' 6'' S;85;2016;07;19;1.2;10.8
410005;El Tepual  Puerto Montt Ap.;41&deg 26' 6'' S;85;2016;07;20;8.4;12.9
410005;El Tepual  Puerto Montt Ap.;41&deg 26' 6'' S;85;2016;07;21;1.2;11.2
410005;El Tepual  Puerto Montt Ap.;41&deg 26' 6'' S;85;2016;07;22;4.1;8.5
410005;El Tepual  Puerto Montt Ap.;41&deg 26' 6'' S;85;2016;07;23;-2.3;8.7
410005;El Tepual  Puerto Montt Ap.;41&deg 26' 6'' S;85;2016;07;24;-1.6;9.6
410005;El Tepual  Puerto Montt Ap.;41&deg 26' 6'' S;85;2016;07;25;2.2;10.7
410005;El Tepual  Puerto Montt Ap.;41&deg 26' 6'' S;85;2016;07;26;0.0;10.6
410005;El Tepual  Puerto Montt Ap.;41&deg 26' 6'' S;85;2016;07;27;3.6;13.2
410005;El Tepual  Puerto Montt Ap.;41&deg 26' 6'' S;85;2016;07;28;9.4;12.9
410005;El Tepual  Puerto Montt Ap.;41&deg 26' 6'' S;85;2016;07;29;8.1;10.6
410005;El Tepual  Puerto Montt Ap.;41&deg 26' 6'' S;85;2016;07;30;6.8;11.6
410005;El Tepual  Puerto Montt Ap.;41&deg 26' 6'' S;85;2016;07;31;6.6;13.1
430002;Futaleufú Ad.;43&deg 11' 20'' S;347;2016;07;01;-6.3;2.6
430002;Futaleufú Ad.;43&deg 11' 20'' S;347;2016;07;02;-8.5;8.3
430002;Futaleufú Ad.;43&deg 11' 20'' S;347;2016;07;03;-7.2;4.8
430002;Futaleufú Ad.;43&deg 11' 20'' S;347;2016;07;04;-2.8;10.6
430002;Futaleufú Ad.;43&deg 11' 20'' S;347;2016;07;05;-2.1;9.8
430002;Futaleufú Ad.;43&deg 11' 20'' S;347;2016;07;06;5.0;12.0
430002;Futaleufú Ad.;43&deg 11' 20'' S;347;2016;07;07;7.8;14.7
430002;Futaleufú Ad.;43&deg 11' 20'' S;347;2016;07;08;7.6;10.8
430002;Futaleufú Ad.;43&deg 11' 20'' S;347;2016;07;09;3.6;11.9
430002;Futaleufú Ad.;43&deg 11' 20'' S;347;2016;07;10;2.1;8.1
430002;Futaleufú Ad.;43&deg 11' 20'' S;347;2016;07;11;1.5;7.4
430002;Futaleufú Ad.;43&deg 11' 20'' S;347;2016;07;12;2.8;8.0
430002;Futaleufú Ad.;43&deg 11' 20'' S;347;2016;07;13;1.1;5.2
430002;Futaleufú Ad.;43&deg 11' 20'' S;347;2016;07;14;1.2;6.2
430002;Futaleufú Ad.;43&deg 11' 20'' S;347;2016;07;15;0.4;5.9
430002;Futaleufú Ad.;43&deg 11' 20'' S;347;2016;07;16;-0.1;6.4
430002;Futaleufú Ad.;43&deg 11' 20'' S;347;2016;07;17;2.3;6.7
430002;Futaleufú Ad.;43&deg 11' 20'' S;347;2016;07;18;1.0;6.8
430002;Futaleufú Ad.;43&deg 11' 20'' S;347;2016;07;19;-0.5;6.9
430002;Futaleufú Ad.;43&deg 11' 20'' S;347;2016;07;20;-1.2;10.7
430002;Futaleufú Ad.;43&deg 11' 20'' S;347;2016;07;21;1.3;8.9
430002;Futaleufú Ad.;43&deg 11' 20'' S;347;2016;07;22;0.1;5.3
430002;Futaleufú Ad.;43&deg 11' 20'' S;347;2016;07;23;-4.5;6.0
430002;Futaleufú Ad.;43&deg 11' 20'' S;347;2016;07;24;-6.4;4.0
430002;Futaleufú Ad.;43&deg 11' 20'' S;347;2016;07;25;-1.8;8.7
430002;Futaleufú Ad.;43&deg 11' 20'' S;347;2016;07;26;-4.0;7.4
430002;Futaleufú Ad.;43&deg 11' 20'' S;347;2016;07;27;0.0;6.8
430002;Futaleufú Ad.;43&deg 11' 20'' S;347;2016;07;28;0.6;5.1
430002;Futaleufú Ad.;43&deg 11' 20'' S;347;2016;07;29;1.5;6.2
430002;Futaleufú Ad.;43&deg 11' 20'' S;347;2016;07;30;1.1;5.0
430002;Futaleufú Ad.;43&deg 11' 20'' S;347;2016;07;31;0.8;6.0
430004;Alto Palena Ad.;43&deg 36' 42'' S;281;2016;07;01;-4.7;6.8
430004;Alto Palena Ad.;43&deg 36' 42'' S;281;2016;07;02;-3.9;6.2
430004;Alto Palena Ad.;43&deg 36' 42'' S;281;2016;07;03;-7.5;5.9
430004;Alto Palena Ad.;43&deg 36' 42'' S;281;2016;07;04;-4.0;11.3
430004;Alto Palena Ad.;43&deg 36' 42'' S;281;2016;07;05;0.9;9.4
430004;Alto Palena Ad.;43&deg 36' 42'' S;281;2016;07;06;3.5;12.0
430004;Alto Palena Ad.;43&deg 36' 42'' S;281;2016;07;07;7.4;14.6
430004;Alto Palena Ad.;43&deg 36' 42'' S;281;2016;07;08;6.6;12.2
430004;Alto Palena Ad.;43&deg 36' 42'' S;281;2016;07;09;7.0;13.2
430004;Alto Palena Ad.;43&deg 36' 42'' S;281;2016;07;10;3.0;10.9
430004;Alto Palena Ad.;43&deg 36' 42'' S;281;2016;07;11;2.0;7.8
430004;Alto Palena Ad.;43&deg 36' 42'' S;281;2016;07;12;4.4;7.1
430004;Alto Palena Ad.;43&deg 36' 42'' S;281;2016;07;13;2.7;7.0
430004;Alto Palena Ad.;43&deg 36' 42'' S;281;2016;07;14;2.9;6.6
430004;Alto Palena Ad.;43&deg 36' 42'' S;281;2016;07;15;0.2;8.4
430004;Alto Palena Ad.;43&deg 36' 42'' S;281;2016;07;16;1.9;7.7
430004;Alto Palena Ad.;43&deg 36' 42'' S;281;2016;07;17;3.5;6.8
430004;Alto Palena Ad.;43&deg 36' 42'' S;281;2016;07;18;0.1;10.0
430004;Alto Palena Ad.;43&deg 36' 42'' S;281;2016;07;19;-0.4;9.3
430004;Alto Palena Ad.;43&deg 36' 42'' S;281;2016;07;20;-2.2;9.1
430004;Alto Palena Ad.;43&deg 36' 42'' S;281;2016;07;21;2.4;7.8
430004;Alto Palena Ad.;43&deg 36' 42'' S;281;2016;07;22;1.0;4.5
430004;Alto Palena Ad.;43&deg 36' 42'' S;281;2016;07;23;-2.4;7.1
430004;Alto Palena Ad.;43&deg 36' 42'' S;281;2016;07;24;-3.9;5.0
430004;Alto Palena Ad.;43&deg 36' 42'' S;281;2016;07;25;0.8;9.5
430004;Alto Palena Ad.;43&deg 36' 42'' S;281;2016;07;26;-4.5;9.1
430004;Alto Palena Ad.;43&deg 36' 42'' S;281;2016;07;27;0.0;9.1
430004;Alto Palena Ad.;43&deg 36' 42'' S;281;2016;07;28;3.6;9.5
430004;Alto Palena Ad.;43&deg 36' 42'' S;281;2016;07;29;2.7;4.8
430004;Alto Palena Ad.;43&deg 36' 42'' S;281;2016;07;30;0.0;8.1
430004;Alto Palena Ad.;43&deg 36' 42'' S;281;2016;07;31;-0.9;10.6
450001;Puerto Aysén Ad.;45&deg 23' 58'' S;11;2016;07;01;;
450001;Puerto Aysén Ad.;45&deg 23' 58'' S;11;2016;07;04;1.4;11.6
450001;Puerto Aysén Ad.;45&deg 23' 58'' S;11;2016;07;05;8.2;11.8
450001;Puerto Aysén Ad.;45&deg 23' 58'' S;11;2016;07;06;7.9;
450001;Puerto Aysén Ad.;45&deg 23' 58'' S;11;2016;07;07;;
450001;Puerto Aysén Ad.;45&deg 23' 58'' S;11;2016;07;08;;
450001;Puerto Aysén Ad.;45&deg 23' 58'' S;11;2016;07;11;4.9;
450001;Puerto Aysén Ad.;45&deg 23' 58'' S;11;2016;07;12;;9.9
450001;Puerto Aysén Ad.;45&deg 23' 58'' S;11;2016;07;13;4.2;9.8
450001;Puerto Aysén Ad.;45&deg 23' 58'' S;11;2016;07;14;2.8;10.3
450001;Puerto Aysén Ad.;45&deg 23' 58'' S;11;2016;07;15;-1.0;
450001;Puerto Aysén Ad.;45&deg 23' 58'' S;11;2016;07;18;1.2;8.0
450001;Puerto Aysén Ad.;45&deg 23' 58'' S;11;2016;07;19;3.8;8.0
450001;Puerto Aysén Ad.;45&deg 23' 58'' S;11;2016;07;20;4.0;9.4
450001;Puerto Aysén Ad.;45&deg 23' 58'' S;11;2016;07;21;4.2;10.1
450001;Puerto Aysén Ad.;45&deg 23' 58'' S;11;2016;07;22;-1.6;
450001;Puerto Aysén Ad.;45&deg 23' 58'' S;11;2016;07;25;-0.5;9.2
450001;Puerto Aysén Ad.;45&deg 23' 58'' S;11;2016;07;26;-3.2;
450001;Puerto Aysén Ad.;45&deg 23' 58'' S;11;2016;07;27;;6.0
450001;Puerto Aysén Ad.;45&deg 23' 58'' S;11;2016;07;28;3.4;5.4
450001;Puerto Aysén Ad.;45&deg 23' 58'' S;11;2016;07;29;3.4;
450001;Puerto Aysén Ad.;45&deg 23' 58'' S;11;2016;07;03;;6.4
450001;Puerto Aysén Ad.;45&deg 23' 58'' S;11;2016;07;10;;11.4
450001;Puerto Aysén Ad.;45&deg 23' 58'' S;11;2016;07;17;;8.7
450001;Puerto Aysén Ad.;45&deg 23' 58'' S;11;2016;07;24;;9.0
450001;Puerto Aysén Ad.;45&deg 23' 58'' S;11;2016;07;31;;9.0
450004;Teniente Vidal, Coyhaique Ad.;45&deg 35' 38'' S;310;2016;07;01;-0.8;7.3
450004;Teniente Vidal, Coyhaique Ad.;45&deg 35' 38'' S;310;2016;07;02;-8.1;2.7
450004;Teniente Vidal, Coyhaique Ad.;45&deg 35' 38'' S;310;2016;07;03;-9.5;8.9
450004;Teniente Vidal, Coyhaique Ad.;45&deg 35' 38'' S;310;2016;07;04;0.6;12.7
450004;Teniente Vidal, Coyhaique Ad.;45&deg 35' 38'' S;310;2016;07;05;6.9;12.4
450004;Teniente Vidal, Coyhaique Ad.;45&deg 35' 38'' S;310;2016;07;06;6.4;12.1
450004;Teniente Vidal, Coyhaique Ad.;45&deg 35' 38'' S;310;2016;07;07;8.0;13.0
450004;Teniente Vidal, Coyhaique Ad.;45&deg 35' 38'' S;310;2016;07;08;8.8;13.5
450004;Teniente Vidal, Coyhaique Ad.;45&deg 35' 38'' S;310;2016;07;09;6.5;9.3
450004;Teniente Vidal, Coyhaique Ad.;45&deg 35' 38'' S;310;2016;07;10;3.9;6.6
450004;Teniente Vidal, Coyhaique Ad.;45&deg 35' 38'' S;310;2016;07;11;-0.1;5.3
450004;Teniente Vidal, Coyhaique Ad.;45&deg 35' 38'' S;310;2016;07;12;1.8;11.2
450004;Teniente Vidal, Coyhaique Ad.;45&deg 35' 38'' S;310;2016;07;13;0.1;6.3
450004;Teniente Vidal, Coyhaique Ad.;45&deg 35' 38'' S;310;2016;07;14;2.1;6.3
450004;Teniente Vidal, Coyhaique Ad.;45&deg 35' 38'' S;310;2016;07;15;-1.8;6.9
450004;Teniente Vidal, Coyhaique Ad.;45&deg 35' 38'' S;310;2016;07;16;-2.3;4.2
450004;Teniente Vidal, Coyhaique Ad.;45&deg 35' 38'' S;310;2016;07;17;1.0;7.8
450004;Teniente Vidal, Coyhaique Ad.;45&deg 35' 38'' S;310;2016;07;18;-1.4;8.9
450004;Teniente Vidal, Coyhaique Ad.;45&deg 35' 38'' S;310;2016;07;19;-1.2;5.6
450004;Teniente Vidal, Coyhaique Ad.;45&deg 35' 38'' S;310;2016;07;20;-0.1;9.5
450004;Teniente Vidal, Coyhaique Ad.;45&deg 35' 38'' S;310;2016;07;21;1.8;8.1
450004;Teniente Vidal, Coyhaique Ad.;45&deg 35' 38'' S;310;2016;07;22;-2.5;5.1
450004;Teniente Vidal, Coyhaique Ad.;45&deg 35' 38'' S;310;2016;07;23;-3.9;7.1
450004;Teniente Vidal, Coyhaique Ad.;45&deg 35' 38'' S;310;2016;07;24;-7.5;5.9
450004;Teniente Vidal, Coyhaique Ad.;45&deg 35' 38'' S;310;2016;07;25;-2.3;7.2
450004;Teniente Vidal, Coyhaique Ad.;45&deg 35' 38'' S;310;2016;07;26;-3.1;5.2
450004;Teniente Vidal, Coyhaique Ad.;45&deg 35' 38'' S;310;2016;07;27;-0.5;1.0
450004;Teniente Vidal, Coyhaique Ad.;45&deg 35' 38'' S;310;2016;07;28;-0.4;3.0
450004;Teniente Vidal, Coyhaique Ad.;45&deg 35' 38'' S;310;2016;07;29;0.6;5.1
450004;Teniente Vidal, Coyhaique Ad.;45&deg 35' 38'' S;310;2016;07;30;-0.2;6.2
450004;Teniente Vidal, Coyhaique Ad.;45&deg 35' 38'' S;310;2016;07;31;-1.2;2.9
450005;Balmaceda Ad.;45&deg 54' 46'' S;517;2016;07;01;-6.7;5.8
450005;Balmaceda Ad.;45&deg 54' 46'' S;517;2016;07;02;-13.8;6.2
450005;Balmaceda Ad.;45&deg 54' 46'' S;517;2016;07;03;-13.4;6.7
450005;Balmaceda Ad.;45&deg 54' 46'' S;517;2016;07;04;3.9;10.6
450005;Balmaceda Ad.;45&deg 54' 46'' S;517;2016;07;05;6.6;8.5
450005;Balmaceda Ad.;45&deg 54' 46'' S;517;2016;07;06;6.2;11.2
450005;Balmaceda Ad.;45&deg 54' 46'' S;517;2016;07;07;7.3;11.0
450005;Balmaceda Ad.;45&deg 54' 46'' S;517;2016;07;08;7.5;12.3
450005;Balmaceda Ad.;45&deg 54' 46'' S;517;2016;07;09;4.7;8.2
450005;Balmaceda Ad.;45&deg 54' 46'' S;517;2016;07;10;0.2;6.8
450005;Balmaceda Ad.;45&deg 54' 46'' S;517;2016;07;11;-2.5;4.4
450005;Balmaceda Ad.;45&deg 54' 46'' S;517;2016;07;12;-2.7;8.9
450005;Balmaceda Ad.;45&deg 54' 46'' S;517;2016;07;13;-3.8;5.7
450005;Balmaceda Ad.;45&deg 54' 46'' S;517;2016;07;14;0.5;3.7
450005;Balmaceda Ad.;45&deg 54' 46'' S;517;2016;07;15;-0.8;4.9
450005;Balmaceda Ad.;45&deg 54' 46'' S;517;2016;07;16;-3.5;2.9
450005;Balmaceda Ad.;45&deg 54' 46'' S;517;2016;07;17;0.3;5.0
450005;Balmaceda Ad.;45&deg 54' 46'' S;517;2016;07;18;-4.3;7.2
450005;Balmaceda Ad.;45&deg 54' 46'' S;517;2016;07;19;-4.4;5.8
450005;Balmaceda Ad.;45&deg 54' 46'' S;517;2016;07;20;-5.0;6.8
450005;Balmaceda Ad.;45&deg 54' 46'' S;517;2016;07;21;0.4;5.1
450005;Balmaceda Ad.;45&deg 54' 46'' S;517;2016;07;22;-7.8;3.4
450005;Balmaceda Ad.;45&deg 54' 46'' S;517;2016;07;23;-7.6;5.0
450005;Balmaceda Ad.;45&deg 54' 46'' S;517;2016;07;24;-12.0;4.4
450005;Balmaceda Ad.;45&deg 54' 46'' S;517;2016;07;25;-7.7;5.2
450005;Balmaceda Ad.;45&deg 54' 46'' S;517;2016;07;26;-11.4;4.4
450005;Balmaceda Ad.;45&deg 54' 46'' S;517;2016;07;27;-5.2;2.2
450005;Balmaceda Ad.;45&deg 54' 46'' S;517;2016;07;28;-4.6;5.4
450005;Balmaceda Ad.;45&deg 54' 46'' S;517;2016;07;29;0.1;6.9
450005;Balmaceda Ad.;45&deg 54' 46'' S;517;2016;07;30;-3.2;6.7
450005;Balmaceda Ad.;45&deg 54' 46'' S;517;2016;07;31;-1.5;4.9
460001;Chile Chico Ad.;46&deg 34' 51'' S;306;2016;07;01;-5.6;9.2
460001;Chile Chico Ad.;46&deg 34' 51'' S;306;2016;07;02;-5.4;6.9
460001;Chile Chico Ad.;46&deg 34' 51'' S;306;2016;07;03;-5.9;9.8
460001;Chile Chico Ad.;46&deg 34' 51'' S;306;2016;07;04;2.2;13.4
460001;Chile Chico Ad.;46&deg 34' 51'' S;306;2016;07;05;7.2;13.7
460001;Chile Chico Ad.;46&deg 34' 51'' S;306;2016;07;06;6.3;15.2
460001;Chile Chico Ad.;46&deg 34' 51'' S;306;2016;07;07;3.9;15.6
460001;Chile Chico Ad.;46&deg 34' 51'' S;306;2016;07;08;5.7;14.5
460001;Chile Chico Ad.;46&deg 34' 51'' S;306;2016;07;09;2.8;14.1
460001;Chile Chico Ad.;46&deg 34' 51'' S;306;2016;07;10;-0.7;8.0
460001;Chile Chico Ad.;46&deg 34' 51'' S;306;2016;07;11;-1.5;9.7
460001;Chile Chico Ad.;46&deg 34' 51'' S;306;2016;07;12;-2.9;9.9
460001;Chile Chico Ad.;46&deg 34' 51'' S;306;2016;07;13;1.0;5.1
460001;Chile Chico Ad.;46&deg 34' 51'' S;306;2016;07;14;1.3;4.0
460001;Chile Chico Ad.;46&deg 34' 51'' S;306;2016;07;15;1.4;6.4
460001;Chile Chico Ad.;46&deg 34' 51'' S;306;2016;07;16;-0.3;8.9
460001;Chile Chico Ad.;46&deg 34' 51'' S;306;2016;07;17;0.4;4.9
460001;Chile Chico Ad.;46&deg 34' 51'' S;306;2016;07;18;-1.4;9.6
460001;Chile Chico Ad.;46&deg 34' 51'' S;306;2016;07;19;0.5;7.9
460001;Chile Chico Ad.;46&deg 34' 51'' S;306;2016;07;20;0.0;11.3
460001;Chile Chico Ad.;46&deg 34' 51'' S;306;2016;07;21;-0.2;9.1
460001;Chile Chico Ad.;46&deg 34' 51'' S;306;2016;07;22;-6.0;6.7
460001;Chile Chico Ad.;46&deg 34' 51'' S;306;2016;07;23;-5.8;7.2
460001;Chile Chico Ad.;46&deg 34' 51'' S;306;2016;07;24;-5.8;5.6
460001;Chile Chico Ad.;46&deg 34' 51'' S;306;2016;07;25;-4.9;5.6
460001;Chile Chico Ad.;46&deg 34' 51'' S;306;2016;07;26;-6.7;5.9
460001;Chile Chico Ad.;46&deg 34' 51'' S;306;2016;07;27;-2.5;1.2
460001;Chile Chico Ad.;46&deg 34' 51'' S;306;2016;07;28;0.8;5.0
460001;Chile Chico Ad.;46&deg 34' 51'' S;306;2016;07;29;-1.9;9.0
460001;Chile Chico Ad.;46&deg 34' 51'' S;306;2016;07;30;-0.5;8.6
460001;Chile Chico Ad.;46&deg 34' 51'' S;306;2016;07;31;-2.9;8.4
470001;Lord Cochrane Ad.;47&deg 14' 38'' S;204;2016;07;01;-5.2;3.2
470001;Lord Cochrane Ad.;47&deg 14' 38'' S;204;2016;07;02;-6.3;3.8
470001;Lord Cochrane Ad.;47&deg 14' 38'' S;204;2016;07;03;-6.2;3.1
470001;Lord Cochrane Ad.;47&deg 14' 38'' S;204;2016;07;04;-2.4;11.5
470001;Lord Cochrane Ad.;47&deg 14' 38'' S;204;2016;07;05;7.4;14.0
470001;Lord Cochrane Ad.;47&deg 14' 38'' S;204;2016;07;06;2.7;12.5
470001;Lord Cochrane Ad.;47&deg 14' 38'' S;204;2016;07;07;3.5;12.0
470001;Lord Cochrane Ad.;47&deg 14' 38'' S;204;2016;07;08;5.5;10.7
470001;Lord Cochrane Ad.;47&deg 14' 38'' S;204;2016;07;09;4.5;10.7
470001;Lord Cochrane Ad.;47&deg 14' 38'' S;204;2016;07;10;-2.2;5.3
470001;Lord Cochrane Ad.;47&deg 14' 38'' S;204;2016;07;11;0.5;7.9
470001;Lord Cochrane Ad.;47&deg 14' 38'' S;204;2016;07;12;-1.4;5.2
470001;Lord Cochrane Ad.;47&deg 14' 38'' S;204;2016;07;13;0.0;4.4
470001;Lord Cochrane Ad.;47&deg 14' 38'' S;204;2016;07;14;3.1;7.0
470001;Lord Cochrane Ad.;47&deg 14' 38'' S;204;2016;07;15;0.3;6.6
470001;Lord Cochrane Ad.;47&deg 14' 38'' S;204;2016;07;16;-0.6;3.9
470001;Lord Cochrane Ad.;47&deg 14' 38'' S;204;2016;07;17;0.6;7.1
470001;Lord Cochrane Ad.;47&deg 14' 38'' S;204;2016;07;18;-0.6;11.4
470001;Lord Cochrane Ad.;47&deg 14' 38'' S;204;2016;07;19;0.6;9.4
470001;Lord Cochrane Ad.;47&deg 14' 38'' S;204;2016;07;20;1.8;10.0
470001;Lord Cochrane Ad.;47&deg 14' 38'' S;204;2016;07;21;2.0;7.1
470001;Lord Cochrane Ad.;47&deg 14' 38'' S;204;2016;07;22;-2.8;5.9
470001;Lord Cochrane Ad.;47&deg 14' 38'' S;204;2016;07;23;-0.7;6.8
470001;Lord Cochrane Ad.;47&deg 14' 38'' S;204;2016;07;24;-5.4;4.6
470001;Lord Cochrane Ad.;47&deg 14' 38'' S;204;2016;07;25;-7.0;3.2
470001;Lord Cochrane Ad.;47&deg 14' 38'' S;204;2016;07;26;-7.8;4.7
470001;Lord Cochrane Ad.;47&deg 14' 38'' S;204;2016;07;27;-3.9;3.8
470001;Lord Cochrane Ad.;47&deg 14' 38'' S;204;2016;07;28;0.8;3.2
470001;Lord Cochrane Ad.;47&deg 14' 38'' S;204;2016;07;29;-2.4;6.6
470001;Lord Cochrane Ad.;47&deg 14' 38'' S;204;2016;07;30;-2.4;6.9
470001;Lord Cochrane Ad.;47&deg 14' 38'' S;204;2016;07;31;-3.5;6.9
510005;Teniente Gallardo, Puerto Natales Ad.;51&deg 40' 2'' S;69;2016;07;01;4.4;7.2
510005;Teniente Gallardo, Puerto Natales Ad.;51&deg 40' 2'' S;69;2016;07;02;-4.0;7.4
510005;Teniente Gallardo, Puerto Natales Ad.;51&deg 40' 2'' S;69;2016;07;03;4.4;7.3
510005;Teniente Gallardo, Puerto Natales Ad.;51&deg 40' 2'' S;69;2016;07;04;4.8;8.0
510005;Teniente Gallardo, Puerto Natales Ad.;51&deg 40' 2'' S;69;2016;07;05;4.2;8.6
510005;Teniente Gallardo, Puerto Natales Ad.;51&deg 40' 2'' S;69;2016;07;06;7.5;11.2
510005;Teniente Gallardo, Puerto Natales Ad.;51&deg 40' 2'' S;69;2016;07;07;3.3;7.6
510005;Teniente Gallardo, Puerto Natales Ad.;51&deg 40' 2'' S;69;2016;07;08;1.5;5.2
510005;Teniente Gallardo, Puerto Natales Ad.;51&deg 40' 2'' S;69;2016;07;09;0.0;7.2
510005;Teniente Gallardo, Puerto Natales Ad.;51&deg 40' 2'' S;69;2016;07;10;-3.9;8.0
510005;Teniente Gallardo, Puerto Natales Ad.;51&deg 40' 2'' S;69;2016;07;11;-7.0;-1.2
510005;Teniente Gallardo, Puerto Natales Ad.;51&deg 40' 2'' S;69;2016;07;12;-6.8;3.4
510005;Teniente Gallardo, Puerto Natales Ad.;51&deg 40' 2'' S;69;2016;07;13;-5.3;1.7
510005;Teniente Gallardo, Puerto Natales Ad.;51&deg 40' 2'' S;69;2016;07;14;-2.6;0.0
510005;Teniente Gallardo, Puerto Natales Ad.;51&deg 40' 2'' S;69;2016;07;15;-4.5;-3.1
510005;Teniente Gallardo, Puerto Natales Ad.;51&deg 40' 2'' S;69;2016;07;16;-8.2;4.4
510005;Teniente Gallardo, Puerto Natales Ad.;51&deg 40' 2'' S;69;2016;07;17;1.1;7.4
510005;Teniente Gallardo, Puerto Natales Ad.;51&deg 40' 2'' S;69;2016;07;18;-4.9;10.3
510005;Teniente Gallardo, Puerto Natales Ad.;51&deg 40' 2'' S;69;2016;07;19;2.2;7.2
510005;Teniente Gallardo, Puerto Natales Ad.;51&deg 40' 2'' S;69;2016;07;20;-2.0;11.2
510005;Teniente Gallardo, Puerto Natales Ad.;51&deg 40' 2'' S;69;2016;07;21;-1.3;7.8
510005;Teniente Gallardo, Puerto Natales Ad.;51&deg 40' 2'' S;69;2016;07;22;1.4;8.6
510005;Teniente Gallardo, Puerto Natales Ad.;51&deg 40' 2'' S;69;2016;07;23;-1.6;6.6
510005;Teniente Gallardo, Puerto Natales Ad.;51&deg 40' 2'' S;69;2016;07;24;-4.8;7.9
510005;Teniente Gallardo, Puerto Natales Ad.;51&deg 40' 2'' S;69;2016;07;25;-9.6;5.0
510005;Teniente Gallardo, Puerto Natales Ad.;51&deg 40' 2'' S;69;2016;07;26;-9.2;4.1
510005;Teniente Gallardo, Puerto Natales Ad.;51&deg 40' 2'' S;69;2016;07;27;-12.9;3.1
510005;Teniente Gallardo, Puerto Natales Ad.;51&deg 40' 2'' S;69;2016;07;28;-5.1;2.6
510005;Teniente Gallardo, Puerto Natales Ad.;51&deg 40' 2'' S;69;2016;07;29;-6.5;6.3
510005;Teniente Gallardo, Puerto Natales Ad.;51&deg 40' 2'' S;69;2016;07;30;-8.4;2.8
510005;Teniente Gallardo, Puerto Natales Ad.;51&deg 40' 2'' S;69;2016;07;31;-10.2;-0.3
520006;Carlos Ibañez, Punta Arenas Ap.;53&deg 0' 12'' S;38;2016;07;01;-0.6;4.4
520006;Carlos Ibañez, Punta Arenas Ap.;53&deg 0' 12'' S;38;2016;07;02;-3.2;5.2
520006;Carlos Ibañez, Punta Arenas Ap.;53&deg 0' 12'' S;38;2016;07;03;2.8;7.3
520006;Carlos Ibañez, Punta Arenas Ap.;53&deg 0' 12'' S;38;2016;07;04;1.8;4.9
520006;Carlos Ibañez, Punta Arenas Ap.;53&deg 0' 12'' S;38;2016;07;05;2.6;4.9
520006;Carlos Ibañez, Punta Arenas Ap.;53&deg 0' 12'' S;38;2016;07;06;3.0;6.4
520006;Carlos Ibañez, Punta Arenas Ap.;53&deg 0' 12'' S;38;2016;07;07;2.3;5.0
520006;Carlos Ibañez, Punta Arenas Ap.;53&deg 0' 12'' S;38;2016;07;08;3.9;6.6
520006;Carlos Ibañez, Punta Arenas Ap.;53&deg 0' 12'' S;38;2016;07;09;4.1;4.7
520006;Carlos Ibañez, Punta Arenas Ap.;53&deg 0' 12'' S;38;2016;07;10;0.6;7.5
520006;Carlos Ibañez, Punta Arenas Ap.;53&deg 0' 12'' S;38;2016;07;11;-0.6;2.4
520006;Carlos Ibañez, Punta Arenas Ap.;53&deg 0' 12'' S;38;2016;07;12;-0.5;4.7
520006;Carlos Ibañez, Punta Arenas Ap.;53&deg 0' 12'' S;38;2016;07;13;-3.3;5.0
520006;Carlos Ibañez, Punta Arenas Ap.;53&deg 0' 12'' S;38;2016;07;14;-2.8;1.5
520006;Carlos Ibañez, Punta Arenas Ap.;53&deg 0' 12'' S;38;2016;07;15;-1.7;1.5
520006;Carlos Ibañez, Punta Arenas Ap.;53&deg 0' 12'' S;38;2016;07;16;0.6;5.0
520006;Carlos Ibañez, Punta Arenas Ap.;53&deg 0' 12'' S;38;2016;07;17;1.1;3.5
520006;Carlos Ibañez, Punta Arenas Ap.;53&deg 0' 12'' S;38;2016;07;18;-1.1;6.4
520006;Carlos Ibañez, Punta Arenas Ap.;53&deg 0' 12'' S;38;2016;07;19;0.7;5.4
520006;Carlos Ibañez, Punta Arenas Ap.;53&deg 0' 12'' S;38;2016;07;20;2.6;5.5
520006;Carlos Ibañez, Punta Arenas Ap.;53&deg 0' 12'' S;38;2016;07;21;0.7;5.3
520006;Carlos Ibañez, Punta Arenas Ap.;53&deg 0' 12'' S;38;2016;07;22;2.3;4.9
520006;Carlos Ibañez, Punta Arenas Ap.;53&deg 0' 12'' S;38;2016;07;23;-0.7;4.0
520006;Carlos Ibañez, Punta Arenas Ap.;53&deg 0' 12'' S;38;2016;07;24;1.1;6.0
520006;Carlos Ibañez, Punta Arenas Ap.;53&deg 0' 12'' S;38;2016;07;25;-1.1;4.9
520006;Carlos Ibañez, Punta Arenas Ap.;53&deg 0' 12'' S;38;2016;07;26;-3.2;6.1
520006;Carlos Ibañez, Punta Arenas Ap.;53&deg 0' 12'' S;38;2016;07;27;-3.8;3.9
520006;Carlos Ibañez, Punta Arenas Ap.;53&deg 0' 12'' S;38;2016;07;28;2.1;5.5
520006;Carlos Ibañez, Punta Arenas Ap.;53&deg 0' 12'' S;38;2016;07;29;3.4;6.3
520006;Carlos Ibañez, Punta Arenas Ap.;53&deg 0' 12'' S;38;2016;07;30;-0.3;7.7
520006;Carlos Ibañez, Punta Arenas Ap.;53&deg 0' 12'' S;38;2016;07;31;-1.6;6.0
530005;Fuentes Martínez, Porvenir Ad.;53&deg 15' 13'' S;25;2016;07;01;1.2;
530005;Fuentes Martínez, Porvenir Ad.;53&deg 15' 13'' S;25;2016;07;02;-5.2;
530005;Fuentes Martínez, Porvenir Ad.;53&deg 15' 13'' S;25;2016;07;04;0.8;4.3
530005;Fuentes Martínez, Porvenir Ad.;53&deg 15' 13'' S;25;2016;07;05;0.5;5.2
530005;Fuentes Martínez, Porvenir Ad.;53&deg 15' 13'' S;25;2016;07;06;1.0;6.4
530005;Fuentes Martínez, Porvenir Ad.;53&deg 15' 13'' S;25;2016;07;07;-0.1;3.8
530005;Fuentes Martínez, Porvenir Ad.;53&deg 15' 13'' S;25;2016;07;08;3.0;7.0
530005;Fuentes Martínez, Porvenir Ad.;53&deg 15' 13'' S;25;2016;07;09;2.1;5.5
530005;Fuentes Martínez, Porvenir Ad.;53&deg 15' 13'' S;25;2016;07;10;-0.1;6.3
530005;Fuentes Martínez, Porvenir Ad.;53&deg 15' 13'' S;25;2016;07;11;-2.8;1.7
530005;Fuentes Martínez, Porvenir Ad.;53&deg 15' 13'' S;25;2016;07;12;-0.1;6.3
530005;Fuentes Martínez, Porvenir Ad.;53&deg 15' 13'' S;25;2016;07;13;-2.7;5.0
530005;Fuentes Martínez, Porvenir Ad.;53&deg 15' 13'' S;25;2016;07;14;-4.6;0.4
530005;Fuentes Martínez, Porvenir Ad.;53&deg 15' 13'' S;25;2016;07;15;-3.8;3.0
530005;Fuentes Martínez, Porvenir Ad.;53&deg 15' 13'' S;25;2016;07;16;-1.5;3.1
530005;Fuentes Martínez, Porvenir Ad.;53&deg 15' 13'' S;25;2016;07;17;-0.1;3.6
530005;Fuentes Martínez, Porvenir Ad.;53&deg 15' 13'' S;25;2016;07;18;0.3;5.9
530005;Fuentes Martínez, Porvenir Ad.;53&deg 15' 13'' S;25;2016;07;19;1.8;7.3
530005;Fuentes Martínez, Porvenir Ad.;53&deg 15' 13'' S;25;2016;07;20;-0.1;7.9
530005;Fuentes Martínez, Porvenir Ad.;53&deg 15' 13'' S;25;2016;07;21;1.6;4.8
530005;Fuentes Martínez, Porvenir Ad.;53&deg 15' 13'' S;25;2016;07;22;1.9;5.5
530005;Fuentes Martínez, Porvenir Ad.;53&deg 15' 13'' S;25;2016;07;23;0.1;4.9
530005;Fuentes Martínez, Porvenir Ad.;53&deg 15' 13'' S;25;2016;07;24;1.0;6.6
530005;Fuentes Martínez, Porvenir Ad.;53&deg 15' 13'' S;25;2016;07;25;-2.7;5.6
530005;Fuentes Martínez, Porvenir Ad.;53&deg 15' 13'' S;25;2016;07;26;0.5;6.3
530005;Fuentes Martínez, Porvenir Ad.;53&deg 15' 13'' S;25;2016;07;27;-3.0;4.5
530005;Fuentes Martínez, Porvenir Ad.;53&deg 15' 13'' S;25;2016;07;28;0.9;5.9
530005;Fuentes Martínez, Porvenir Ad.;53&deg 15' 13'' S;25;2016;07;29;3.4;5.7
530005;Fuentes Martínez, Porvenir Ad.;53&deg 15' 13'' S;25;2016;07;30;-0.8;8.0
530005;Fuentes Martínez, Porvenir Ad.;53&deg 15' 13'' S;25;2016;07;31;;6.7
550001;Guardia Marina Zañartu, Pto Williams Ad.;54&deg 55' 54'' S;15;2016;07;01;-0.9;3.2
550001;Guardia Marina Zañartu, Pto Williams Ad.;54&deg 55' 54'' S;15;2016;07;02;-5.0;4.9
550001;Guardia Marina Zañartu, Pto Williams Ad.;54&deg 55' 54'' S;15;2016;07;03;4.6;6.9
550001;Guardia Marina Zañartu, Pto Williams Ad.;54&deg 55' 54'' S;15;2016;07;04;-2.7;3.9
550001;Guardia Marina Zañartu, Pto Williams Ad.;54&deg 55' 54'' S;15;2016;07;05;3.1;4.7
550001;Guardia Marina Zañartu, Pto Williams Ad.;54&deg 55' 54'' S;15;2016;07;06;2.5;6.5
550001;Guardia Marina Zañartu, Pto Williams Ad.;54&deg 55' 54'' S;15;2016;07;07;0.1;5.4
550001;Guardia Marina Zañartu, Pto Williams Ad.;54&deg 55' 54'' S;15;2016;07;08;0.3;5.0
550001;Guardia Marina Zañartu, Pto Williams Ad.;54&deg 55' 54'' S;15;2016;07;09;1.6;5.5
550001;Guardia Marina Zañartu, Pto Williams Ad.;54&deg 55' 54'' S;15;2016;07;10;-1.2;2.4
550001;Guardia Marina Zañartu, Pto Williams Ad.;54&deg 55' 54'' S;15;2016;07;11;-2.2;4.8
550001;Guardia Marina Zañartu, Pto Williams Ad.;54&deg 55' 54'' S;15;2016;07;12;-3.1;4.5
550001;Guardia Marina Zañartu, Pto Williams Ad.;54&deg 55' 54'' S;15;2016;07;13;-0.3;3.9
550001;Guardia Marina Zañartu, Pto Williams Ad.;54&deg 55' 54'' S;15;2016;07;14;-3.3;4.0
550001;Guardia Marina Zañartu, Pto Williams Ad.;54&deg 55' 54'' S;15;2016;07;15;-5.9;3.8
550001;Guardia Marina Zañartu, Pto Williams Ad.;54&deg 55' 54'' S;15;2016;07;16;2.5;5.4
550001;Guardia Marina Zañartu, Pto Williams Ad.;54&deg 55' 54'' S;15;2016;07;17;3.0;7.0
550001;Guardia Marina Zañartu, Pto Williams Ad.;54&deg 55' 54'' S;15;2016;07;18;2.2;6.8
550001;Guardia Marina Zañartu, Pto Williams Ad.;54&deg 55' 54'' S;15;2016;07;19;2.9;9.3
550001;Guardia Marina Zañartu, Pto Williams Ad.;54&deg 55' 54'' S;15;2016;07;20;3.2;7.6
550001;Guardia Marina Zañartu, Pto Williams Ad.;54&deg 55' 54'' S;15;2016;07;21;2.2;5.2
550001;Guardia Marina Zañartu, Pto Williams Ad.;54&deg 55' 54'' S;15;2016;07;22;-0.1;2.8
550001;Guardia Marina Zañartu, Pto Williams Ad.;54&deg 55' 54'' S;15;2016;07;23;-0.9;2.8
550001;Guardia Marina Zañartu, Pto Williams Ad.;54&deg 55' 54'' S;15;2016;07;24;2.4;5.7
550001;Guardia Marina Zañartu, Pto Williams Ad.;54&deg 55' 54'' S;15;2016;07;25;3.5;6.6
550001;Guardia Marina Zañartu, Pto Williams Ad.;54&deg 55' 54'' S;15;2016;07;26;-0.1;5.9
550001;Guardia Marina Zañartu, Pto Williams Ad.;54&deg 55' 54'' S;15;2016;07;27;-3.7;6.3
550001;Guardia Marina Zañartu, Pto Williams Ad.;54&deg 55' 54'' S;15;2016;07;28;1.8;6.9
550001;Guardia Marina Zañartu, Pto Williams Ad.;54&deg 55' 54'' S;15;2016;07;29;5.6;7.5
550001;Guardia Marina Zañartu, Pto Williams Ad.;54&deg 55' 54'' S;15;2016;07;30;3.9;5.1
550001;Guardia Marina Zañartu, Pto Williams Ad.;54&deg 55' 54'' S;15;2016;07;31;-0.6;4.0
950001;C.M.A. Eduardo Frei Montalva, Antártica ;62&deg 11' 35'' S;45;2016;07;01;-7.7;-3.0
950001;C.M.A. Eduardo Frei Montalva, Antártica ;62&deg 11' 35'' S;45;2016;07;02;-3.0;0.2
950001;C.M.A. Eduardo Frei Montalva, Antártica ;62&deg 11' 35'' S;45;2016;07;03;-6.6;0.0
950001;C.M.A. Eduardo Frei Montalva, Antártica ;62&deg 11' 35'' S;45;2016;07;04;-8.7;-5.1
950001;C.M.A. Eduardo Frei Montalva, Antártica ;62&deg 11' 35'' S;45;2016;07;05;-12.5;-7.9
950001;C.M.A. Eduardo Frei Montalva, Antártica ;62&deg 11' 35'' S;45;2016;07;06;-10.1;-8.2
950001;C.M.A. Eduardo Frei Montalva, Antártica ;62&deg 11' 35'' S;45;2016;07;07;-10.8;-5.7
950001;C.M.A. Eduardo Frei Montalva, Antártica ;62&deg 11' 35'' S;45;2016;07;08;-8.2;-4.0
950001;C.M.A. Eduardo Frei Montalva, Antártica ;62&deg 11' 35'' S;45;2016;07;09;-9.0;-5.7
950001;C.M.A. Eduardo Frei Montalva, Antártica ;62&deg 11' 35'' S;45;2016;07;10;-8.5;-5.2
950001;C.M.A. Eduardo Frei Montalva, Antártica ;62&deg 11' 35'' S;45;2016;07;11;-8.4;-4.0
950001;C.M.A. Eduardo Frei Montalva, Antártica ;62&deg 11' 35'' S;45;2016;07;12;-5.3;-2.6
950001;C.M.A. Eduardo Frei Montalva, Antártica ;62&deg 11' 35'' S;45;2016;07;13;-6.3;-2.9
950001;C.M.A. Eduardo Frei Montalva, Antártica ;62&deg 11' 35'' S;45;2016;07;14;-4.4;-1.6
950001;C.M.A. Eduardo Frei Montalva, Antártica ;62&deg 11' 35'' S;45;2016;07;15;-2.7;-1.5
950001;C.M.A. Eduardo Frei Montalva, Antártica ;62&deg 11' 35'' S;45;2016;07;16;-3.0;-1.4
950001;C.M.A. Eduardo Frei Montalva, Antártica ;62&deg 11' 35'' S;45;2016;07;17;-2.3;-0.4
950001;C.M.A. Eduardo Frei Montalva, Antártica ;62&deg 11' 35'' S;45;2016;07;18;-1.2;0.1
950001;C.M.A. Eduardo Frei Montalva, Antártica ;62&deg 11' 35'' S;45;2016;07;19;-1.5;-0.1
950001;C.M.A. Eduardo Frei Montalva, Antártica ;62&deg 11' 35'' S;45;2016;07;20;-1.8;-0.2
950001;C.M.A. Eduardo Frei Montalva, Antártica ;62&deg 11' 35'' S;45;2016;07;21;-4.3;-0.6
950001;C.M.A. Eduardo Frei Montalva, Antártica ;62&deg 11' 35'' S;45;2016;07;22;-6.9;-3.0
950001;C.M.A. Eduardo Frei Montalva, Antártica ;62&deg 11' 35'' S;45;2016;07;23;-9.2;-5.7
950001;C.M.A. Eduardo Frei Montalva, Antártica ;62&deg 11' 35'' S;45;2016;07;24;-9.9;-7.3
950001;C.M.A. Eduardo Frei Montalva, Antártica ;62&deg 11' 35'' S;45;2016;07;25;-8.1;-5.4
950001;C.M.A. Eduardo Frei Montalva, Antártica ;62&deg 11' 35'' S;45;2016;07;26;-7.9;-4.0
950001;C.M.A. Eduardo Frei Montalva, Antártica ;62&deg 11' 35'' S;45;2016;07;27;-4.2;-0.9
950001;C.M.A. Eduardo Frei Montalva, Antártica ;62&deg 11' 35'' S;45;2016;07;28;-4.5;-0.3
950001;C.M.A. Eduardo Frei Montalva, Antártica ;62&deg 11' 35'' S;45;2016;07;29;-5.7;-2.3
950001;C.M.A. Eduardo Frei Montalva, Antártica ;62&deg 11' 35'' S;45;2016;07;30;-5.7;-3.6
950001;C.M.A. Eduardo Frei Montalva, Antártica ;62&deg 11' 35'' S;45;2016;07;31;-5.5;-1.5
